municipio,qtd_noticias_encontradas,temas_frequentes,resumo_para_slide
Água Clara,10,"abre, três, água, clara, bataguassu","Da muda ao emprego, floresta abre caminhos de trabalho no interior - Notícias do Cerrado Suzano abre 17 vagas de emprego para Três Lagoas e mais três municípios em MS - RCN 67 Arauco capacita operadores e mecânicos florestais - Hojemais.com.br Arauco abre inscrições para o programa Colheita de Talentos em Três Lagoas até quarta - Andravirtual SESI-PA promove capacitação para professores e SENAI-MS oferece curso com bolsa de R$ 1 mil - Agência de Notícias da Indústria Município de Água Clara prorroga contratos de saúde e engenharia por R$ 506 mil - O TEMPO TCE-MS rejeita contas da prefeita de Água Clara por falhas fiscais - Midiamax REFERÊNCIA: Almoxarifado Central de Bataguassu recebe visitas técnicas das Prefeituras de Água Clara e Brasilândia – Prefeitura Municipal de Bataguassu - Prefeitura Municipal de Bataguassu Polícia Civil inaugura a 53ª Sala Lilás do MS, em Japorã - Sejusp MS Polícia Civil inaugura a 52ª Sala Lilás do MS, em Aparecida do Taboado - Polícia Civil de Mato Grosso do Sul Da muda ao emprego, floresta abre caminhos de trabalho no interior  Notícias do Cerrado Suzano abre 17 vagas de emprego para Três Lagoas e mais três municípios em MS  RCN 67 Arauco capacita operadores e mecânicos florestais  Hojemais.com.br Arauco abre inscrições para o programa Colheita de Talentos em Três Lagoas até quarta  Andravirtual SESI-PA promove capacitação para professores e SENAI-MS oferece curso com bolsa de R$ 1 mil  Agência de Notícias da Indústria Município de Água Clara prorroga contratos de saúde e engenharia por R$ 506 mil  O TEMPO TCE-MS rejeita contas da prefeita de Água Clara por falhas fiscais  Midiamax REFERÊNCIA: Almoxarifado Central de Bataguassu recebe visitas técnicas das Prefeituras de Água Clara e Brasilândia – Prefeitura Municipal de Bataguassu  Prefeitura Municipal de Bataguassu Polícia Civil inaugura a 53ª Sala Lilás do MS, em Japorã  Sejusp MS Polícia Civil inaugura a 52ª Sala Lilás do MS, em Aparecida do Taboado  Polícia Civil de Mato Grosso do Sul"
Amambai,15,"amambai, prefeitura, vagas, cine, sesi","Cine Sesi Cultural finaliza 3ª etapa com 101,6 mil pessoas em 32 cidades - Agência de Notícias da Indústria Semana Nacional dos Museus foi aberta nesta segunda com mesa redonda sobre museus, educação e pesquisa - Correio de Corumbá Agendão: fim de semana tem MS Fashion Week, Festa do Leitão no Rolete, exposições e muito teatro - Idest Cine Sesi tem 2º maior público do ano em Bonito com 4,9 mil pessoas - Agência de Notícias da Indústria Cine Sesi Cultural atrai público de 3,9 mil pessoas em Angélica - Agência de Notícias da Indústria Senai oferece 410 vagas em cursos técnicos gratuitos com auxílio de R$ 300 - Diário Corumbaense Senai abre inscrições para programa que oferece cursos técnicos gratuitos e auxílio mensal de R$ 300 - FIEMS Aumente suas chances de emprego estudando de graça: IFMS abre vagas para 3 cursos técnicos EAD - PEBSP - Portal de Educação Notícia - Casa do Trabalhador oferece 89 vagas de emprego e reforça parcerias para desenvolvimento profissi... - Prefeitura Municipal de Amambai Funtrab e Biosul anunciam 2ª Rodada de Empregabilidade do Setor de Bioenergia com mais de 630 vagas em 15 municípios de MS - funtrab ms Prefeitura de Amambai firma convênio com o CTG Sentinela ... - Prefeitura Municipal de Amambai Projeto Acolhida: MPMS firma cooperação para acolhimento de vítimas em Amambai - MPMS Prefeitura de Amambai anula licitação para reforma de escola após falhas em edital - Midiamax Prefeitura de Amambai anula licitação para reforma de escola após identificar erros no edital - Capital News Coronel Sapucaia e Amambai ""adotam"" uso do nome social na administração pública - Dourados Informa Cine Sesi Cultural finaliza 3ª etapa com 101,6 mil pessoas em 32 cidades  Agência de Notícias da Indústria Semana Nacional dos Museus foi aberta nesta segunda com mesa redonda sobre museus, educação e pesquisa  Correio de Corumbá Agendão: fim de semana tem MS Fashion Week, Festa do Leitão no Rolete, exposições e muito teatro  Idest Cine Sesi tem 2º maior público do ano em Bonito com 4,9 mil pessoas  Agência de Notícias da Indústria Cine Sesi Cultural atrai público de 3,9 mil pessoas em Angélica  Agência de Notícias da Indústria Senai oferece 410 vagas em cursos técnicos gratuitos com auxílio de R$ 300  Diário Corumbaense Senai abre inscrições para programa que oferece cursos técnicos gratuitos e auxílio mensal de R$ 300  FIEMS Aumente suas chances de emprego estudando de graça: IFMS abre vagas para 3 cursos técnicos EAD  PEBSP - Portal de Educação Notícia - Casa do Trabalhador oferece 89 vagas de emprego e reforça parcerias para desenvolvimento profissi...  Prefeitura Municipal de Amambai Funtrab e Biosul anunciam 2ª Rodada de Empregabilidade do Setor de Bioenergia com mais de 630 vagas em 15 municípios de MS  funtrab ms Prefeitura de Amambai firma convênio com o CTG Sentinela ...  Prefeitura Municipal de Amambai Projeto Acolhida: MPMS firma cooperação para acolhimento de vítimas em Amambai  MPMS Prefeitura de Amambai anula licitação para reforma de escola após falhas em edital  Midiamax Prefeitura de Amambai anula licitação para reforma de escola após identificar erros no edital  Capital News Coronel Sapucaia e Amambai ""adotam"" uso do nome social na administração pública  Dourados Informa"
Anastácio,14,"notícias, anastácio, agência, cine, sesi","Cine Sesi Cultural finaliza 3ª etapa com 101,6 mil pessoas em 32 cidades - Agência de Notícias da Indústria Aquidauana e Anastácio registram o maior volume de chuva do estado - O Pantaneiro Cine Sesi Cultural atrai público de 3,9 mil pessoas em Angélica - Agência de Notícias da Indústria Cine Sesi tem 2º maior público do ano em Bonito com 4,9 mil pessoas - Agência de Notícias da Indústria Corpo de Bombeiros divulga novo resultado da seleção para bombeiros temporários - Midiamax SENAR abre mais de 1.000 vagas em cursos técnicos gratuitos de Segurança do Trabalho, Agropecuária, Fruticultura, Zootecnia e vários outros para estudar presencial ou semipresencial na BA e MT - CPG Click Petróleo e Gás Na Capital, EJA é ofertado em 16 escolas e na modalidade à distância; veja lista - Campo Grande News Correios publica edital com 62 vagas para jovens aprendizes em Mato Grosso do Sul - Costa Leste News IFMS abre 180 vagas em cursos de qualificação profissional em Aquidauana - O Pantaneiro Prefeitura capacita servidores para operação de cesta aérea e reforça segurança nos serviços públicos - Aquidauana Notícias Estudantes de Anastácio são incentivados ao empreendedorismo com metodologia especial de ensino - Agência Sebrae de Notícias Concurso Anastácio MS: processo seletivo de 2026 - Estratégia Concursos Anastácio participa de capacitação para elaboração do novo Plano Municipal de Educação - O Pantaneiro Três homens são presos após roubo de caminhões e carro do pátio de Obras da Prefeitura de Anastácio - Idest Cine Sesi Cultural finaliza 3ª etapa com 101,6 mil pessoas em 32 cidades  Agência de Notícias da Indústria Aquidauana e Anastácio registram o maior volume de chuva do estado  O Pantaneiro Cine Sesi Cultural atrai público de 3,9 mil pessoas em Angélica  Agência de Notícias da Indústria Cine Sesi tem 2º maior público do ano em Bonito com 4,9 mil pessoas  Agência de Notícias da Indústria Corpo de Bombeiros divulga novo resultado da seleção para bombeiros temporários  Midiamax SENAR abre mais de 1.000 vagas em cursos técnicos gratuitos de Segurança do Trabalho, Agropecuária, Fruticultura, Zootecnia e vários outros para estudar presencial ou semipresencial na BA e MT  CPG Click Petróleo e Gás Na Capital, EJA é ofertado em 16 escolas e na modalidade à distância; veja lista  Campo Grande News Correios publica edital com 62 vagas para jovens aprendizes em Mato Grosso do Sul  Costa Leste News IFMS abre 180 vagas em cursos de qualificação profissional em Aquidauana  O Pantaneiro Prefeitura capacita servidores para operação de cesta aérea e reforça segurança nos serviços públicos  Aquidauana Notícias Estudantes de Anastácio são incentivados ao empreendedorismo com metodologia especial de ensino  Agência Sebrae de Notícias Concurso Anastácio MS: processo seletivo de 2026  Estratégia Concursos Anastácio participa de capacitação para elaboração do novo Plano Municipal de Educação  O Pantaneiro Três homens são presos após roubo de caminhões e carro do pátio de Obras da Prefeitura de Anastácio  Idest"
Angélica,14,"angélica, cine, sesi, pessoas, agência","Cine Sesi Cultural atrai público de 3,9 mil pessoas em Angélica - Agência de Notícias da Indústria Projeto “ODS nos Muros” encerra atividades com roda de conversa e galeria digital - Fundação de Cultura de Mato Grosso do Sul Cine Sesi tem 2º maior público do ano em Bonito com 4,9 mil pessoas - Agência de Notícias da Indústria Cine Sesi Cultural finaliza 3ª etapa com 101,6 mil pessoas em 32 cidades - Agência de Notícias da Indústria Capacitação profissional fortalece autonomia de mulheres vítimas de violência em Campo Grande - RCN67 Cursos profissionais têm até 35% de desconto e matrículas estão abertas em MS - G1 Adecoagro inicia Programa Jovens Talentos Aprendizes com Deficiência - JornalCana Chamada em massa! MS convoca profissionais para atuar na educação estadual - Midiamax SineBahia divulga vagas de emprego desta quinta-feira (30) para cidades do interior - G1 TCE-MS exige plano de Angélica para regularizar médicos - Campo Grande News Previdência de Angélica que investiu no Master é autônoma, diz prefeitura após operação - Midiamax Angélica-MS abre seleção para cadastro reserva na Educação em 2026 - Qconcursos Folha Dirigida Polícia Civil inaugura a 53ª Sala Lilás do MS, em Japorã - Sejusp MS Presidente Marcelo Bertoni participa da 1ª edição da Feira AgroAngélica | Agropecuária MS - Sistema Famasul Cine Sesi Cultural atrai público de 3,9 mil pessoas em Angélica  Agência de Notícias da Indústria Projeto “ODS nos Muros” encerra atividades com roda de conversa e galeria digital  Fundação de Cultura de Mato Grosso do Sul Cine Sesi tem 2º maior público do ano em Bonito com 4,9 mil pessoas  Agência de Notícias da Indústria Cine Sesi Cultural finaliza 3ª etapa com 101,6 mil pessoas em 32 cidades  Agência de Notícias da Indústria Capacitação profissional fortalece autonomia de mulheres vítimas de violência em Campo Grande  RCN67 Cursos profissionais têm até 35% de desconto e matrículas estão abertas em MS  G1 Adecoagro inicia Programa Jovens Talentos Aprendizes com Deficiência  JornalCana Chamada em massa! MS convoca profissionais para atuar na educação estadual  Midiamax SineBahia divulga vagas de emprego desta quinta-feira (30) para cidades do interior  G1 TCE-MS exige plano de Angélica para regularizar médicos  Campo Grande News Previdência de Angélica que investiu no Master é autônoma, diz prefeitura após operação  Midiamax Angélica-MS abre seleção para cadastro reserva na Educação em 2026  Qconcursos Folha Dirigida Polícia Civil inaugura a 53ª Sala Lilás do MS, em Japorã  Sejusp MS Presidente Marcelo Bertoni participa da 1ª edição da Feira AgroAngélica | Agropecuária MS  Sistema Famasul"
Aparecida do Taboado,15,"aparecida, taboado, news, vagas, cursos","Estudantes do SESI apresentam inovações no maior evento científico da América Latina - Agência de Notícias da Indústria Taboadão 2026 reforça tradição e impulsiona economia em Aparecida do Taboado - Notícias do Cerrado Neno Razuk destina R$ 5,3 milhões para cidades do interior - Capital News Escola Sesi dá a oportunidade de seu filho construir um futuro cheio de realizações - Hojemais.com.br Colônia de Férias da FIRJAN, matrículas no SESI-MS e museu de ciência 4.0 na BA - Agência de Notícias da Indústria SENAI oferece 60 vagas em cursos técnicos gratuitos em Aparecida do Taboado com auxílio mensal - Costa Leste News Senai MS: 2 mil vagas em cursos técnicos com bolsa de R$ 300; inscreva-se - Campo Grande News SENAI oferece 60 vagas em cursos técnicos gratuitos em Aparecida do Taboado com auxílio mensal - Rede Jota FM Funtrab e Biosul anunciam 2ª Rodada de Empregabilidade do Setor de Bioenergia com mais de 630 vagas em 15 municípios de MS - Semadesc MS Inscrições abertas para processo seletivo de cursos técnicos em Agronegócio e Fruticultura do Senar/MS - Sistema Famasul Reforma da Escola Agrícola tem início com investimento de mais de R$ 4 milhões em Aparecida do Taboado - RCN67 Reforma, manutenção e conservação da Escola Agrícola ""Benedito da Silva Queiroz"" são iniciadas em Aparecida do Taboado - Costa Leste News Prefeitura e Programa Em Conta promovem plantão para adesão que pode garantir até 20% de desconto na conta de energia em Aparecida do Taboado - Costa Leste News Pacote de R$ 10 milhões prevê de ambulâncias no interior de MS - Midiamax Polícia Civil inaugura a 52ª Sala Lilás do MS, em Aparecida do Taboado - Polícia Civil de Mato Grosso do Sul Estudantes do SESI apresentam inovações no maior evento científico da América Latina  Agência de Notícias da Indústria Taboadão 2026 reforça tradição e impulsiona economia em Aparecida do Taboado  Notícias do Cerrado Neno Razuk destina R$ 5,3 milhões para cidades do interior  Capital News Escola Sesi dá a oportunidade de seu filho construir um futuro cheio de realizações  Hojemais.com.br Colônia de Férias da FIRJAN, matrículas no SESI-MS e museu de ciência 4.0 na BA  Agência de Notícias da Indústria SENAI oferece 60 vagas em cursos técnicos gratuitos em Aparecida do Taboado com auxílio mensal  Costa Leste News Senai MS: 2 mil vagas em cursos técnicos com bolsa de R$ 300; inscreva-se  Campo Grande News SENAI oferece 60 vagas em cursos técnicos gratuitos em Aparecida do Taboado com auxílio mensal  Rede Jota FM Funtrab e Biosul anunciam 2ª Rodada de Empregabilidade do Setor de Bioenergia com mais de 630 vagas em 15 municípios de MS  Semadesc MS Inscrições abertas para processo seletivo de cursos técnicos em Agronegócio e Fruticultura do Senar/MS  Sistema Famasul Reforma da Escola Agrícola tem início com investimento de mais de R$ 4 milhões em Aparecida do Taboado  RCN67 Reforma, manutenção e conservação da Escola Agrícola ""Benedito da Silva Queiroz"" são iniciadas em Aparecida do Taboado  Costa Leste News Prefeitura e Programa Em Conta promovem plantão para adesão que pode garantir até 20% de desconto na conta de energia em Aparecida do Taboado  Costa Leste News Pacote de R$ 10 milhões prevê de ambulâncias no interior de MS  Midiamax Polícia Civil inaugura a 52ª Sala Lilás do MS, em Aparecida do Taboado  Polícia Civil de Mato Grosso do Sul"
Aral Moreira,11,"ifms, cursos, abre, inscrições, fronteira","Com investimento do FIC, Grupo UBU chega com teatro em nove cidades na região sul-fronteira de MS - Fundação de Cultura de Mato Grosso do Sul IFMS abre inscrições gratuitas para cursos EAD de qualificação profissional - Campo Grande News Aumente suas chances de emprego estudando de graça: IFMS abre vagas para 3 cursos técnicos EAD - PEBSP - Portal de Educação IFMS abre seleção para cursos de qualificação profissional a distância - diariodigital.com.br Quer se qualificar sem sair de casa? Cursos EAD gratuitos do IFMS para assistente, operador e vendedor têm inscrições abertas e exigem apenas CPF - CPG Click Petróleo e Gás IFMS: Inscrições abertas para cursos gratuitos a distância em 2026 - Campo Grande News Notícias - Prefeitura Municipal de Ponta Porã Polícia Civil inaugura a 53ª Sala Lilás do MS, em Japorã - Sejusp MS MPMS abre procedimento para investigar funcionamento das controladorias em três municípios da fronteira - MPMS Salgadinho, fome, diabetes e AVC: o novo vocabulário dos Guarani-Kaiowá - Intercept Brasil Vereador de Aral Moreira se livra de condenação de R$ 506 mil por ‘falha’ de 13 anos atrás - Midiamax Com investimento do FIC, Grupo UBU chega com teatro em nove cidades na região sul-fronteira de MS  Fundação de Cultura de Mato Grosso do Sul IFMS abre inscrições gratuitas para cursos EAD de qualificação profissional  Campo Grande News Aumente suas chances de emprego estudando de graça: IFMS abre vagas para 3 cursos técnicos EAD  PEBSP - Portal de Educação IFMS abre seleção para cursos de qualificação profissional a distância  diariodigital.com.br Quer se qualificar sem sair de casa? Cursos EAD gratuitos do IFMS para assistente, operador e vendedor têm inscrições abertas e exigem apenas CPF  CPG Click Petróleo e Gás IFMS: Inscrições abertas para cursos gratuitos a distância em 2026  Campo Grande News Notícias  Prefeitura Municipal de Ponta Porã Polícia Civil inaugura a 53ª Sala Lilás do MS, em Japorã  Sejusp MS MPMS abre procedimento para investigar funcionamento das controladorias em três municípios da fronteira  MPMS Salgadinho, fome, diabetes e AVC: o novo vocabulário dos Guarani-Kaiowá  Intercept Brasil Vereador de Aral Moreira se livra de condenação de R$ 506 mil por ‘falha’ de 13 anos atrás  Midiamax"
Bataguassu,15,"bataguassu, prefeitura, campo, grande, midiamax","Festival de Dança Coreografada da Melhor Idade define campeões - Fundesporte Centro de Esporte e Cultura oferece atividades gratuitas em Campo Grande - Campo Grande News Turismo rural, pesca e eventos no caminho do Pontal do Paranapanema - www.gov.br Semana Nacional dos Museus foi aberta nesta segunda com mesa redonda sobre museus, educação e pesquisa - Correio de Corumbá Agendão: fim de semana tem MS Fashion Week, Festa do Leitão no Rolete, exposições e muito teatro - Idest Jovens de Bataguassu terão acesso a cursos técnicos gratuitos com bolsa de R$ 300 - Prefeitura Municipal de Bataguassu GIRO FUNTRAB DE NOTÍCIAS – 19/07/2025 a 29/07/2025 - funtrab ms Bataguassu abre 60 vagas em cursos técnicos gratuitos com bolsa de R$ 300 para jovens - Cenário MS Senai está com inscrições abertas para nove vagas em seis municípios - Midiamax Senai prorroga inscrições para 300 bolsas de formação educacional em MS - Campo Grande News Governo de MS repassa R$ 602 mil para desapropriação de terreno industrial em Bataguassu - Midiamax Prefeitura moderniza PRODEBATA e disponibiliza Carta Consulta on-line para novos investidores - Notícias em Rede Novo tomógrafo amplia capacidade de diagnósticos na rede pública de Bataguassu - Cenário MS Convênio com Santa Casa de Bataguassu recebe aditivo de R$ 2,9 milhões para ampliar cirurgias - Midiamax Prefeitura firma parceria com Polícia Militar e Governo do Estado para implementar o PROMUSE - Prefeitura Municipal de Bataguassu Festival de Dança Coreografada da Melhor Idade define campeões  Fundesporte Centro de Esporte e Cultura oferece atividades gratuitas em Campo Grande  Campo Grande News Turismo rural, pesca e eventos no caminho do Pontal do Paranapanema  www.gov.br Semana Nacional dos Museus foi aberta nesta segunda com mesa redonda sobre museus, educação e pesquisa  Correio de Corumbá Agendão: fim de semana tem MS Fashion Week, Festa do Leitão no Rolete, exposições e muito teatro  Idest Jovens de Bataguassu terão acesso a cursos técnicos gratuitos com bolsa de R$ 300  Prefeitura Municipal de Bataguassu GIRO FUNTRAB DE NOTÍCIAS – 19/07/2025 a 29/07/2025  funtrab ms Bataguassu abre 60 vagas em cursos técnicos gratuitos com bolsa de R$ 300 para jovens  Cenário MS Senai está com inscrições abertas para nove vagas em seis municípios  Midiamax Senai prorroga inscrições para 300 bolsas de formação educacional em MS  Campo Grande News Governo de MS repassa R$ 602 mil para desapropriação de terreno industrial em Bataguassu  Midiamax Prefeitura moderniza PRODEBATA e disponibiliza Carta Consulta on-line para novos investidores  Notícias em Rede Novo tomógrafo amplia capacidade de diagnósticos na rede pública de Bataguassu  Cenário MS Convênio com Santa Casa de Bataguassu recebe aditivo de R$ 2,9 milhões para ampliar cirurgias  Midiamax Prefeitura firma parceria com Polícia Militar e Governo do Estado para implementar o PROMUSE  Prefeitura Municipal de Bataguassu"
Batayporã,11,"abre, concursos, batayporã, prefeitura, vagas","Festival de Dança Coreografada da Melhor Idade define campeões - Fundesporte IFMS abre inscrições para cursos gratuitos de qualificação profissional a distância em Três Lagoas - RCN67 Prefeitura de Campo Grande - MS abre Processo Seletivo para Assistente Educacional Inclusivo - PCI Concursos 75 vagas de emprego em Três Lagoas na Casa do Trabalhador nesta segunda (27) de julho - ArapuaNews Aeronáutica e mais 7 concursos abrem inscrições nos dias 11 e 12/06 - Ache Concursos Frigorífico Zanchetta abre vagas de emprego em Batayporã - Jornal da Nova Prefeitura de Batayporã pode comprar bicicletas elétricas para agentes de saúde por R$ 132 mil - Midiamax Prefeitura de Batayporã MS abre processo seletivo com 4 vagas - Qconcursos Folha Dirigida Concurso Batayporã MS: veja os gabaritos! - Estratégia Concursos 6º Campeonato de Montarias em Touros acontece em Taquarussu neste fim de semana - Fundesporte/MS Prestação de contas em acordo firmado entre o Município de Anaurilândia, Estado e CESP será debatido em Audiência Pública - MPMS Festival de Dança Coreografada da Melhor Idade define campeões  Fundesporte IFMS abre inscrições para cursos gratuitos de qualificação profissional a distância em Três Lagoas  RCN67 Prefeitura de Campo Grande - MS abre Processo Seletivo para Assistente Educacional Inclusivo  PCI Concursos 75 vagas de emprego em Três Lagoas na Casa do Trabalhador nesta segunda (27) de julho  ArapuaNews Aeronáutica e mais 7 concursos abrem inscrições nos dias 11 e 12/06  Ache Concursos Frigorífico Zanchetta abre vagas de emprego em Batayporã  Jornal da Nova Prefeitura de Batayporã pode comprar bicicletas elétricas para agentes de saúde por R$ 132 mil  Midiamax Prefeitura de Batayporã MS abre processo seletivo com 4 vagas  Qconcursos Folha Dirigida Concurso Batayporã MS: veja os gabaritos! Estratégia Concursos 6º Campeonato de Montarias em Touros acontece em Taquarussu neste fim de semana  Fundesporte/MS Prestação de contas em acordo firmado entre o Município de Anaurilândia, Estado e CESP será debatido em Audiência Pública  MPMS"
Bela Vista,15,"bela, vista, mpms, midiamax, band","Sorocaba e região têm Lobofest e outros festivais no fim de semana - Band MITsp - Mostra Internacional de Teatro de São Paulo apresenta a programação de sua 11ª edição - Canal Aberto - Assessoria de Imprensa “O laço comprido faz parte da minha história”, diz Loubet durante 20º Encontro Estadual de Figueirão - MS Todo dia Sesc celebra 80 anos com turnê de shows pelo Paraná - Band Sesc inaugura nova unidade no Centro de SP nesta sexta com exposição fotográfica e show de Martinho da Vila - G1 Raízen abre mais de 250 vagas para programa de aprendiz - JornalCana Oferta inédita no IFMS abre curso de informática para mulheres - Correio de Corumbá Governo oferece curso de comércio exterior para qualificar jovens de municípios impactados pela Rota Bioceânica - Semadesc MS GIRO FUNTRAB DE NOTÍCIAS – 03/06/2025 a 16/06/2025 - funtrab ms MPMS participa de reunião técnica para ampliar oportunidades a jovens em situação de vulnerabilidade em Bela Vista - MPMS MPMS firma acordo com Município e Câmara Municipal de Bela Vista para regulamentação da taxa de lixo - MPMS Morre ex-prefeito de Bela Vista; prefeitura lembra ‘compromisso com o progresso’ - Midiamax Promotoria pede que Justiça monitore gastos da prefeitura de Bela Vista ao transferir idosos - Midiamax Vistorias apontam falhas há uma década e Justiça suspende diretoria do Asilo de Bela Vista - Midiamax Empresas locais são selecionadas em pregão após edital com preferência para pequenos negócios em Bela Vista - Agência Sebrae de Notícias Sorocaba e região têm Lobofest e outros festivais no fim de semana  Band MITsp - Mostra Internacional de Teatro de São Paulo apresenta a programação de sua 11ª edição  Canal Aberto - Assessoria de Imprensa “O laço comprido faz parte da minha história”, diz Loubet durante 20º Encontro Estadual de Figueirão  MS Todo dia Sesc celebra 80 anos com turnê de shows pelo Paraná  Band Sesc inaugura nova unidade no Centro de SP nesta sexta com exposição fotográfica e show de Martinho da Vila  G1 Raízen abre mais de 250 vagas para programa de aprendiz  JornalCana Oferta inédita no IFMS abre curso de informática para mulheres  Correio de Corumbá Governo oferece curso de comércio exterior para qualificar jovens de municípios impactados pela Rota Bioceânica  Semadesc MS GIRO FUNTRAB DE NOTÍCIAS – 03/06/2025 a 16/06/2025  funtrab ms MPMS participa de reunião técnica para ampliar oportunidades a jovens em situação de vulnerabilidade em Bela Vista  MPMS MPMS firma acordo com Município e Câmara Municipal de Bela Vista para regulamentação da taxa de lixo  MPMS Morre ex-prefeito de Bela Vista; prefeitura lembra ‘compromisso com o progresso’  Midiamax Promotoria pede que Justiça monitore gastos da prefeitura de Bela Vista ao transferir idosos  Midiamax Vistorias apontam falhas há uma década e Justiça suspende diretoria do Asilo de Bela Vista  Midiamax Empresas locais são selecionadas em pregão após edital com preferência para pequenos negócios em Bela Vista  Agência Sebrae de Notícias"
Brasilândia,13,"brasilândia, abre, vagas, prefeitura, cine","Cine Sesi Cultural atrai público de 3,9 mil pessoas em Angélica - Agência de Notícias da Indústria Cine Sesi Cultural finaliza 3ª etapa com 101,6 mil pessoas em 32 cidades - Agência de Notícias da Indústria Cine Sesi tem 2º maior público do ano em Bonito com 4,9 mil pessoas - Agência de Notícias da Indústria Casa do Trabalhador de Brasilândia anuncia vaga imediata e abre inscrições para cursos de qualificação - funtrab ms Suzano abre 17 vagas de emprego para Três Lagoas e mais três municípios em MS - RCN 67 Setor de Tecnologia abre mais de 200 mil vagas para cursos de capacitação - IT Forum - IT Forum SENAR Jovem Rural: Programa busca reter talentos no campo e possibilita empregabilidade - Portal CNA Brasil Bataguassu abre 60 vagas em cursos técnicos gratuitos com bolsa de R$ 300 para jovens - Cenário MS Prefeitura de Brasilândia assina ordem de serviço para reforma de velório municipal - Cenário MS INCRA abre 40 vagas para assentamento PA Mutum e Prefeitura de Brasilândia orienta produtores... - Prefeitura Municipal de Brasilândia - MS Ministério Público apura nepotismo na contratação de nove parentes no interior - Investiga MS Sudeco altera valor de convênio com o município de Brasilândia em Mato Grosso do Sul - O TEMPO Processo Seletivo Simplificado: divulgada a homologação com classificação final - Prefeitura Municipal de Brasilândia - MS Cine Sesi Cultural atrai público de 3,9 mil pessoas em Angélica  Agência de Notícias da Indústria Cine Sesi Cultural finaliza 3ª etapa com 101,6 mil pessoas em 32 cidades  Agência de Notícias da Indústria Cine Sesi tem 2º maior público do ano em Bonito com 4,9 mil pessoas  Agência de Notícias da Indústria Casa do Trabalhador de Brasilândia anuncia vaga imediata e abre inscrições para cursos de qualificação  funtrab ms Suzano abre 17 vagas de emprego para Três Lagoas e mais três municípios em MS  RCN 67 Setor de Tecnologia abre mais de 200 mil vagas para cursos de capacitação - IT Forum  IT Forum SENAR Jovem Rural: Programa busca reter talentos no campo e possibilita empregabilidade  Portal CNA Brasil Bataguassu abre 60 vagas em cursos técnicos gratuitos com bolsa de R$ 300 para jovens  Cenário MS Prefeitura de Brasilândia assina ordem de serviço para reforma de velório municipal  Cenário MS INCRA abre 40 vagas para assentamento PA Mutum e Prefeitura de Brasilândia orienta produtores...  Prefeitura Municipal de Brasilândia - MS Ministério Público apura nepotismo na contratação de nove parentes no interior  Investiga MS Sudeco altera valor de convênio com o município de Brasilândia em Mato Grosso do Sul  O TEMPO Processo Seletivo Simplificado: divulgada a homologação com classificação final  Prefeitura Municipal de Brasilândia - MS"
Caarapó,13,"caarapó, notícias, cine, sesi, pessoas","Cine Sesi Cultural finaliza 3ª etapa com 101,6 mil pessoas em 32 cidades - Agência de Notícias da Indústria Cine Sesi tem 2º maior público do ano em Bonito com 4,9 mil pessoas - Agência de Notícias da Indústria Cine Sesi Cultural atrai público de 3,9 mil pessoas em Angélica - Agência de Notícias da Indústria Senai abre inscrições para programa que oferece cursos técnicos gratuitos e auxílio mensal de R$ 300 - FIEMS Senai oferece 410 vagas em cursos técnicos gratuitos com auxílio de R$ 300 - Diário Corumbaense GIRO FUNTRAB DE NOTÍCIAS – 03/06/2025 a 16/06/2025 - funtrab ms Funtrab e Biosul anunciam 2ª Rodada de Empregabilidade do Setor de Bioenergia com mais de 630 vagas em 15 municípios de MS - Semadesc MS Raízen abre mais de 400 vagas para programa de aprendiz - Revista Cultivar Caarapó pagará R$ 1,16 milhão por licença de software para processar dados da administração - Midiamax Caarapó amplia acesso gratuito ao DIU e Implanon nas unidades de saúde - Rede Jota FM Prefeitura de Caarapó compra 56 bicicletas elétricas para agentes de saúde - Midiamax MPMS e parceiros inauguram padaria em presídio de Caarapó com recursos de penas pecuniárias e ANPPs - MPMS Licitação de R$ 8,5 milhões da Educação em Caarapó é suspensa pelo TCE-MS - Midiamax Cine Sesi Cultural finaliza 3ª etapa com 101,6 mil pessoas em 32 cidades  Agência de Notícias da Indústria Cine Sesi tem 2º maior público do ano em Bonito com 4,9 mil pessoas  Agência de Notícias da Indústria Cine Sesi Cultural atrai público de 3,9 mil pessoas em Angélica  Agência de Notícias da Indústria Senai abre inscrições para programa que oferece cursos técnicos gratuitos e auxílio mensal de R$ 300  FIEMS Senai oferece 410 vagas em cursos técnicos gratuitos com auxílio de R$ 300  Diário Corumbaense GIRO FUNTRAB DE NOTÍCIAS – 03/06/2025 a 16/06/2025  funtrab ms Funtrab e Biosul anunciam 2ª Rodada de Empregabilidade do Setor de Bioenergia com mais de 630 vagas em 15 municípios de MS  Semadesc MS Raízen abre mais de 400 vagas para programa de aprendiz  Revista Cultivar Caarapó pagará R$ 1,16 milhão por licença de software para processar dados da administração  Midiamax Caarapó amplia acesso gratuito ao DIU e Implanon nas unidades de saúde  Rede Jota FM Prefeitura de Caarapó compra 56 bicicletas elétricas para agentes de saúde  Midiamax MPMS e parceiros inauguram padaria em presídio de Caarapó com recursos de penas pecuniárias e ANPPs  MPMS Licitação de R$ 8,5 milhões da Educação em Caarapó é suspensa pelo TCE-MS  Midiamax"
Cassilândia,13,"notícias, cassilândia, funtrab, cine, sesi","Cine Sesi Cultural finaliza 3ª etapa com 101,6 mil pessoas em 32 cidades - Agência de Notícias da Indústria Cine Sesi Cultural atrai público de 3,9 mil pessoas em Angélica - Agência de Notícias da Indústria Cine Sesi tem 2º maior público do ano em Bonito com 4,9 mil pessoas - Agência de Notícias da Indústria GIRO FUNTRAB DE NOTÍCIAS – 03/06/2025 a 16/06/2025 - funtrab ms IFMS abre inscrições gratuitas para cursos EAD de qualificação profissional - Campo Grande News IFMS abre seleção para cursos de qualificação profissional a distância - diariodigital.com.br Cassilândia MS: SAIU! Veja - Blog Gran Cursos Online GIRO FUNTRAB DE NOTÍCIAS – 06/05/2025 a 12/05/2025 - funtrab ms Prefeitura esclarece impactos da redução da COSIP e anuncia programa com até 20% de desconto no consumo de energia - O CORREIO NEWS Cassilândia lança Plano de Desenvolvimento Municipal em parceria com Sebrae/MS e Governo do Estado - MS Todo dia Vigilância em Saúde recebe visita técnica para fortalecer ações de prevenção e cuidado com hanseníase e tuberculose em Cassilândia - O CORREIO NEWS Prefeitura de Cassilândia divulga calendário de feriados e pontos facultativos para 2026 - Cassilândia Notícias Prefeitura de Cassilândia convida população para audiência pública da LDO 2027 - MS Todo dia Cine Sesi Cultural finaliza 3ª etapa com 101,6 mil pessoas em 32 cidades  Agência de Notícias da Indústria Cine Sesi Cultural atrai público de 3,9 mil pessoas em Angélica  Agência de Notícias da Indústria Cine Sesi tem 2º maior público do ano em Bonito com 4,9 mil pessoas  Agência de Notícias da Indústria GIRO FUNTRAB DE NOTÍCIAS – 03/06/2025 a 16/06/2025  funtrab ms IFMS abre inscrições gratuitas para cursos EAD de qualificação profissional  Campo Grande News IFMS abre seleção para cursos de qualificação profissional a distância  diariodigital.com.br Cassilândia MS: SAIU! Veja  Blog Gran Cursos Online GIRO FUNTRAB DE NOTÍCIAS – 06/05/2025 a 12/05/2025  funtrab ms Prefeitura esclarece impactos da redução da COSIP e anuncia programa com até 20% de desconto no consumo de energia  O CORREIO NEWS Cassilândia lança Plano de Desenvolvimento Municipal em parceria com Sebrae/MS e Governo do Estado  MS Todo dia Vigilância em Saúde recebe visita técnica para fortalecer ações de prevenção e cuidado com hanseníase e tuberculose em Cassilândia  O CORREIO NEWS Prefeitura de Cassilândia divulga calendário de feriados e pontos facultativos para 2026  Cassilândia Notícias Prefeitura de Cassilândia convida população para audiência pública da LDO 2027  MS Todo dia"
Chapadão do Sul,15,"news, chapadão, funtrab, melhor, estadual","Campanha Eu Respeito destaca ‘A Pessoa’ em programação de outubro - UFMS As 10 cidades com melhor qualidade de vida de MS; Campo Grande lidera ranking estadual - G1 Festival de Dança Coreografada da Melhor Idade define campeões - Fundesporte “O laço comprido faz parte da minha história”, diz Loubet durante 20º Encontro Estadual de Figueirão - MS Todo dia Paralimpíadas Escolares de MS começam neste fim de semana com atletas de 20 municípios - Rio Verde News Funtrab e Biosul anunciam 2ª Rodada de Empregabilidade do Setor de Bioenergia com mais de 630 vagas em 15 municípios de MS - Semadesc MS GIRO FUNTRAB DE NOTÍCIAS – 03/06/2025 a 16/06/2025 - funtrab ms Sindicato Rural de Chapadão do Sul oferece curso de operador de empilhadeira - Jovem Sul News Corpo de Bombeiros divulga novo resultado da seleção para bombeiros temporários - Midiamax Arauco capacita operadores e mecânicos florestais - Hojemais.com.br Saúde com transparência: população poderá acompanhar prestação de contas do 2º quadrimestre - O CORREIO NEWS Assistência Social de Chapadão do Sul participa de capacitação do SUAS - Diário Chapadense Chapadão do Sul segue com inscrições abertas para diretor e diretor-adjunto nas escolas municipais - Midiamax Servidor em cargo técnico teria assinado contas do Fundeb como responsável contábil, aponta denúncia ao TCE - MS Todo dia Chapadão do Sul une Poder Público e sociedade civil organizada em novo modelo de gestão da saúde - Chapadense News Campanha Eu Respeito destaca ‘A Pessoa’ em programação de outubro  UFMS As 10 cidades com melhor qualidade de vida de MS; Campo Grande lidera ranking estadual  G1 Festival de Dança Coreografada da Melhor Idade define campeões  Fundesporte “O laço comprido faz parte da minha história”, diz Loubet durante 20º Encontro Estadual de Figueirão  MS Todo dia Paralimpíadas Escolares de MS começam neste fim de semana com atletas de 20 municípios  Rio Verde News Funtrab e Biosul anunciam 2ª Rodada de Empregabilidade do Setor de Bioenergia com mais de 630 vagas em 15 municípios de MS  Semadesc MS GIRO FUNTRAB DE NOTÍCIAS – 03/06/2025 a 16/06/2025  funtrab ms Sindicato Rural de Chapadão do Sul oferece curso de operador de empilhadeira  Jovem Sul News Corpo de Bombeiros divulga novo resultado da seleção para bombeiros temporários  Midiamax Arauco capacita operadores e mecânicos florestais  Hojemais.com.br Saúde com transparência: população poderá acompanhar prestação de contas do 2º quadrimestre  O CORREIO NEWS Assistência Social de Chapadão do Sul participa de capacitação do SUAS  Diário Chapadense Chapadão do Sul segue com inscrições abertas para diretor e diretor-adjunto nas escolas municipais  Midiamax Servidor em cargo técnico teria assinado contas do Fundeb como responsável contábil, aponta denúncia ao TCE  MS Todo dia Chapadão do Sul une Poder Público e sociedade civil organizada em novo modelo de gestão da saúde  Chapadense News"
Coronel Sapucaia,11,"pessoas, agência, notícias, coronel, sapucaia","Cine Sesi Cultural finaliza 3ª etapa com 101,6 mil pessoas em 32 cidades - Agência de Notícias da Indústria A cidade de MS que está entre as piores em qualidade de vida no Brasil, segundo levantamento - G1 Cine Sesi tem 2º maior público do ano em Bonito com 4,9 mil pessoas - Agência de Notícias da Indústria Cine Sesi Cultural atrai público de 3,9 mil pessoas em Angélica - Agência de Notícias da Indústria SENAI oferece 60 vagas em cursos técnicos gratuitos em Aparecida do Taboado com auxílio mensal - Rede Jota FM Secretaria de Educação-MS abre 415 vagas para Assistente de Atividades Educacionais - Ache Concursos Coronel Sapucaia e Amambai ""adotam"" uso do nome social na administração pública - Dourados Informa Caminhão de lixo custará até R$ 660,9 mil à Prefeitura de Coronel Sapucaia - Midiamax Prefeitura de Coronel Sapucaia afasta servidores implicados em operação do Gaeco - Midiamax Prefeitura tem 90 dias para regulamentar uso de nome social de pessoas trans - Campo Grande News Coronel Sapucaia celebra educação empreendedora que alcançou cerca de 2,8 mil estudantes - Agência Sebrae de Notícias Cine Sesi Cultural finaliza 3ª etapa com 101,6 mil pessoas em 32 cidades  Agência de Notícias da Indústria A cidade de MS que está entre as piores em qualidade de vida no Brasil, segundo levantamento  G1 Cine Sesi tem 2º maior público do ano em Bonito com 4,9 mil pessoas  Agência de Notícias da Indústria Cine Sesi Cultural atrai público de 3,9 mil pessoas em Angélica  Agência de Notícias da Indústria SENAI oferece 60 vagas em cursos técnicos gratuitos em Aparecida do Taboado com auxílio mensal  Rede Jota FM Secretaria de Educação-MS abre 415 vagas para Assistente de Atividades Educacionais  Ache Concursos Coronel Sapucaia e Amambai ""adotam"" uso do nome social na administração pública  Dourados Informa Caminhão de lixo custará até R$ 660,9 mil à Prefeitura de Coronel Sapucaia  Midiamax Prefeitura de Coronel Sapucaia afasta servidores implicados em operação do Gaeco  Midiamax Prefeitura tem 90 dias para regulamentar uso de nome social de pessoas trans  Campo Grande News Coronel Sapucaia celebra educação empreendedora que alcançou cerca de 2,8 mil estudantes  Agência Sebrae de Notícias"
Deodápolis,10,"campo, grande, deodápolis, vagas, câmara","Câmara de Ponta Porã prorroga concurso com salários de até R$ 7,9 mil - A Crítica de Campo Grande Estude no SENAI sem gastar R$ 1 real: SENAI e Atvos oferecem vagas em cursos gratuitos para Caldeireiro e Soldador em MS - CPG Click Petróleo e Gás Instituto Federal de MS oferece 750 vagas em cursos gratuitos de qualificação profissional - G1 Empresa quebra paradigma, capacita e emprega filhos de funcionários - G1 Secretaria de Educação-MS abre 415 vagas para Assistente de Atividades Educacionais - Ache Concursos Câmara debate falta de medicamentos, cirurgias e transporte de pacientes em Campo Grande - A Crítica de Campo Grande Deodápolis lança Plano de Desenvolvimento Municipal com foco em inovação e fortalecimento econômico - Agência Sebrae de Notícias Do acolhimento à proteção: MPMS busca ampliar atendimento humanizado às vítimas de violência com expansão do Projeto Acolhida em Deodápolis - MPMS TCE/MS suspende licitação por sobrepreço em Deodápolis - Campo Grande News Prefeito de Deodápolis troca secretário de Educação - Midiamax Câmara de Ponta Porã prorroga concurso com salários de até R$ 7,9 mil  A Crítica de Campo Grande Estude no SENAI sem gastar R$ 1 real: SENAI e Atvos oferecem vagas em cursos gratuitos para Caldeireiro e Soldador em MS  CPG Click Petróleo e Gás Instituto Federal de MS oferece 750 vagas em cursos gratuitos de qualificação profissional  G1 Empresa quebra paradigma, capacita e emprega filhos de funcionários  G1 Secretaria de Educação-MS abre 415 vagas para Assistente de Atividades Educacionais  Ache Concursos Câmara debate falta de medicamentos, cirurgias e transporte de pacientes em Campo Grande  A Crítica de Campo Grande Deodápolis lança Plano de Desenvolvimento Municipal com foco em inovação e fortalecimento econômico  Agência Sebrae de Notícias Do acolhimento à proteção: MPMS busca ampliar atendimento humanizado às vítimas de violência com expansão do Projeto Acolhida em Deodápolis  MPMS TCE/MS suspende licitação por sobrepreço em Deodápolis  Campo Grande News Prefeito de Deodápolis troca secretário de Educação  Midiamax"
Dois Irmãos do Buriti,12,"turismo, campo, grande, notícias, buriti","Sob a proteção das áreas naturais - Sesc São Paulo 7ª Mostra de Turismo de Campo Grande conecta setor às novas tendências e valoriza pequenos negócios - Agência Sebrae de Notícias Observatório do Turismo de Mato Grosso do Sul - Fundação de Turismo de Mato Grosso do Sul Cine Sesi Cultural finaliza 3ª etapa com 101,6 mil pessoas em 32 cidades - Agência de Notícias da Indústria Festa do Peixe conecta 3 mil e encerra apagão digital em MS - MS Notícias Na Capital, EJA é ofertado em 16 escolas e na modalidade à distância; veja lista - Campo Grande News Secretaria de Educação-MS abre 415 vagas para Assistente de Atividades Educacionais - Ache Concursos Novo carro reforça atendimento na Saúde de Dois Irmãos do Buriti e amplia parceria com o Governo do Estado - Buriti News Dois Irmãos do Buriti inaugura novo plenário da Câmara Municipal - O Pantaneiro Polícia Civil inaugura a 53ª Sala Lilás do MS, em Japorã - Sejusp MS Caminho do Acordo leva cerca de 600 atendimentos à Aldeia Água Branca, em Aquidauana/MS - Tribunal Regional Federal da 3ª Região Solenidade de posse da prefeita Adriane Lopes será nesta quarta-feira (1º) – CGNotícias - Prefeitura de Campo Grande Sob a proteção das áreas naturais  Sesc São Paulo 7ª Mostra de Turismo de Campo Grande conecta setor às novas tendências e valoriza pequenos negócios  Agência Sebrae de Notícias Observatório do Turismo de Mato Grosso do Sul  Fundação de Turismo de Mato Grosso do Sul Cine Sesi Cultural finaliza 3ª etapa com 101,6 mil pessoas em 32 cidades  Agência de Notícias da Indústria Festa do Peixe conecta 3 mil e encerra apagão digital em MS  MS Notícias Na Capital, EJA é ofertado em 16 escolas e na modalidade à distância; veja lista  Campo Grande News Secretaria de Educação-MS abre 415 vagas para Assistente de Atividades Educacionais  Ache Concursos Novo carro reforça atendimento na Saúde de Dois Irmãos do Buriti e amplia parceria com o Governo do Estado  Buriti News Dois Irmãos do Buriti inaugura novo plenário da Câmara Municipal  O Pantaneiro Polícia Civil inaugura a 53ª Sala Lilás do MS, em Japorã  Sejusp MS Caminho do Acordo leva cerca de 600 atendimentos à Aldeia Água Branca, em Aquidauana/MS  Tribunal Regional Federal da 3ª Região Solenidade de posse da prefeita Adriane Lopes será nesta quarta-feira (1º) – CGNotícias  Prefeitura de Campo Grande"
Eldorado,15,"sesi, notícias, agência, indústria, vagas","SESI-MS apresenta projeto de carbono na COP30 e SESI-SP investe em inovação na saúde - Agência de Notícias da Indústria Instituto Moinho Cultural abre vagas gratuitas para oficinas de música - Folha MS Cine Sesi Cultural finaliza 3ª etapa com 101,6 mil pessoas em 32 cidades - Agência de Notícias da Indústria Cine Sesi tem 2º maior público do ano em Bonito com 4,9 mil pessoas - Agência de Notícias da Indústria Cine Sesi Cultural atrai público de 3,9 mil pessoas em Angélica - Agência de Notícias da Indústria Petrobras, Raízen, Eldorado e mais: confira as vagas de emprego no setor de logística, nesta sexta (22) - Tecnologística GIRO FUNTRAB DE NOTÍCIAS – 30/07/2025 a 06/08/2025 - funtrab ms SESI-PA promove capacitação para professores e SENAI-MS oferece curso com bolsa de R$ 1 mil - Agência de Notícias da Indústria Eldorado abre 50 vagas no Programa de Jovem Aprendiz para Três Lagoas - diariodigital.com.br Processo seletivo tem vagas para nível médio e superior com salário de até R$ 3,8 mil - Primeira Página Mara Caseiro define prioridades para mandato na Câmara - A Crítica de Campo Grande Pela 1ª vez na história, MS terá quatro mulheres na Câmara dos Deputados. - Fronteira News Escola Municipal Eldorado recebeu projeto “Cultura Robótica” e uniu tecnologia, arte e sustentabilidade - Prefeitura de Sidrolândia MS Bicicletas elétricas para Agentes de Saúde: como funciona o investimento de R$ 140 mil? Servidora assassinada por ex em Eldorado: 10º feminicídio em MS - Campo Grande News SESI-MS apresenta projeto de carbono na COP30 e SESI-SP investe em inovação na saúde  Agência de Notícias da Indústria Instituto Moinho Cultural abre vagas gratuitas para oficinas de música  Folha MS Cine Sesi Cultural finaliza 3ª etapa com 101,6 mil pessoas em 32 cidades  Agência de Notícias da Indústria Cine Sesi tem 2º maior público do ano em Bonito com 4,9 mil pessoas  Agência de Notícias da Indústria Cine Sesi Cultural atrai público de 3,9 mil pessoas em Angélica  Agência de Notícias da Indústria Petrobras, Raízen, Eldorado e mais: confira as vagas de emprego no setor de logística, nesta sexta (22)  Tecnologística GIRO FUNTRAB DE NOTÍCIAS – 30/07/2025 a 06/08/2025  funtrab ms SESI-PA promove capacitação para professores e SENAI-MS oferece curso com bolsa de R$ 1 mil  Agência de Notícias da Indústria Eldorado abre 50 vagas no Programa de Jovem Aprendiz para Três Lagoas  diariodigital.com.br Processo seletivo tem vagas para nível médio e superior com salário de até R$ 3,8 mil  Primeira Página Mara Caseiro define prioridades para mandato na Câmara  A Crítica de Campo Grande Pela 1ª vez na história, MS terá quatro mulheres na Câmara dos Deputados."
Fátima do Sul,15,"cidades, bombeiros, midiamax, cidade, universitária","A cidade universitária próxima ao Paraguai que registrou crescimento de 24% e virou destino de quem busca qualidade de vida - Correio Braziliense Clima bom, gente acolhedora e futuro promissor em uma das cidades mais estratégicas do Brasil - Revista Oeste Cine Sesi tem 2º maior público do ano em Bonito com 4,9 mil pessoas - Agência de Notícias da Indústria Cine Sesi Cultural finaliza 3ª etapa com 101,6 mil pessoas em 32 cidades - Agência de Notícias da Indústria Perto do Paraguai, uma cidade universitária cresceu 24% e se tornou escolha de quem quer combinar oportunidades acadêmicas, serviços e mais qualidade de vida - Correio Braziliense Corpo de Bombeiros divulga novo resultado da seleção para bombeiros temporários - Midiamax Qualificação, tecnologia e empreendedorismo: jovens transformam formação do Governo de MS em startup de inovação - Idest Correios publica edital com 62 vagas para jovens aprendizes em Mato Grosso do Sul - Costa Leste News Instituto Federal de MS oferece 750 vagas em cursos gratuitos de qualificação profissional - G1 Após prorrogação, inscrições em seleção de bombeiros temporários terminam hoje - Enfoque MS Conheça os deputados eleitos para compor a Assembleia Legislativa a pa... - Assembleia Legislativa de Mato Grosso do Sul Autor de crimes patrimoniais em SP é detido no interior de MS - diariodigital.com.br Chikungunya: Mesmo com emergência ativa, Dourados revoga situação de calamidade - Midiamax Previdência de Angélica que investiu no Master é autônoma, diz prefeitura após operação - Midiamax Falece Dr Nelson Kawamura, médico em diversas cidades do MS - O Pantaneiro A cidade universitária próxima ao Paraguai que registrou crescimento de 24% e virou destino de quem busca qualidade de vida  Correio Braziliense Clima bom, gente acolhedora e futuro promissor em uma das cidades mais estratégicas do Brasil  Revista Oeste Cine Sesi tem 2º maior público do ano em Bonito com 4,9 mil pessoas  Agência de Notícias da Indústria Cine Sesi Cultural finaliza 3ª etapa com 101,6 mil pessoas em 32 cidades  Agência de Notícias da Indústria Perto do Paraguai, uma cidade universitária cresceu 24% e se tornou escolha de quem quer combinar oportunidades acadêmicas, serviços e mais qualidade de vida  Correio Braziliense Corpo de Bombeiros divulga novo resultado da seleção para bombeiros temporários  Midiamax Qualificação, tecnologia e empreendedorismo: jovens transformam formação do Governo de MS em startup de inovação  Idest Correios publica edital com 62 vagas para jovens aprendizes em Mato Grosso do Sul  Costa Leste News Instituto Federal de MS oferece 750 vagas em cursos gratuitos de qualificação profissional  G1 Após prorrogação, inscrições em seleção de bombeiros temporários terminam hoje  Enfoque MS Conheça os deputados eleitos para compor a Assembleia Legislativa a pa...  Assembleia Legislativa de Mato Grosso do Sul Autor de crimes patrimoniais em SP é detido no interior de MS  diariodigital.com.br Chikungunya: Mesmo com emergência ativa, Dourados revoga situação de calamidade  Midiamax Previdência de Angélica que investiu no Master é autônoma, diz prefeitura após operação  Midiamax Falece Dr Nelson Kawamura, médico em diversas cidades do MS  O Pantaneiro"
Glória de Dourados,15,"qualidade, vida, glória, dourados, cidade","Segunda maior cidade de MS com IDHM 0,747 e dona da 3ª melhor qualidade de vida - Correio Braziliense Perto do Paraguai, uma cidade universitária cresceu 24% e se tornou escolha de quem quer combinar oportunidades acadêmicas, serviços e mais qualidade de vida - Correio Braziliense A cidade universitária próxima ao Paraguai que registrou crescimento de 24% e virou destino de quem busca qualidade de vida - Correio Braziliense Festival de Dança Coreografada da Melhor Idade define campeões - Fundesporte As 10 cidades com melhor qualidade de vida de MS; Campo Grande lidera ranking estadual - G1 Educação que transforma: 100% dos municípios de Mato Grosso do Sul contam com ensino profissionalizante - SED/MS Em Aquidauana, UEMS oferece 104 vagas para 4 graduações - UEMS Senac em parceria com governo de MS oferece mais de 50 cursos gratuitos para qualificação - Fecomércio MS UEMS abre inscrições do Vestibular 2027 com 1.043 vagas em 52 cursos de graduação - PEBSP - Portal de Educação SENAI oferece 60 vagas em cursos técnicos gratuitos em Aparecida do Taboado com auxílio mensal - Rede Jota FM Conheça os deputados eleitos para compor a Assembleia Legislativa a pa... - Assembleia Legislativa de Mato Grosso do Sul TCE-MS participa de lançamento de Programa de Compliance em Glória de Dourados - TCE-MS Prefeitura de Glória de Dourados pode gastar quase R$ 7 milhões com energia solar - Midiamax Riedel cumpre agendas em Glória de Dourados e Aparecida do Taboado nesta sexta-feira - Midiamax MPMS fiscaliza transporte escolar em Glória de Dourados e cobra regularização de vistorias e segurança veicular - MPMS Segunda maior cidade de MS com IDHM 0,747 e dona da 3ª melhor qualidade de vida  Correio Braziliense Perto do Paraguai, uma cidade universitária cresceu 24% e se tornou escolha de quem quer combinar oportunidades acadêmicas, serviços e mais qualidade de vida  Correio Braziliense A cidade universitária próxima ao Paraguai que registrou crescimento de 24% e virou destino de quem busca qualidade de vida  Correio Braziliense Festival de Dança Coreografada da Melhor Idade define campeões  Fundesporte As 10 cidades com melhor qualidade de vida de MS; Campo Grande lidera ranking estadual  G1 Educação que transforma: 100% dos municípios de Mato Grosso do Sul contam com ensino profissionalizante  SED/MS Em Aquidauana, UEMS oferece 104 vagas para 4 graduações  UEMS Senac em parceria com governo de MS oferece mais de 50 cursos gratuitos para qualificação  Fecomércio MS UEMS abre inscrições do Vestibular 2027 com 1.043 vagas em 52 cursos de graduação  PEBSP - Portal de Educação SENAI oferece 60 vagas em cursos técnicos gratuitos em Aparecida do Taboado com auxílio mensal  Rede Jota FM Conheça os deputados eleitos para compor a Assembleia Legislativa a pa...  Assembleia Legislativa de Mato Grosso do Sul TCE-MS participa de lançamento de Programa de Compliance em Glória de Dourados  TCE-MS Prefeitura de Glória de Dourados pode gastar quase R$ 7 milhões com energia solar  Midiamax Riedel cumpre agendas em Glória de Dourados e Aparecida do Taboado nesta sexta-feira  Midiamax MPMS fiscaliza transporte escolar em Glória de Dourados e cobra regularização de vistorias e segurança veicular  MPMS"
Iguatemi,14,"notícias, funtrab, cine, sesi, pessoas","Festival de Dança Coreografada da Melhor Idade define campeões - Fundesporte Cine Sesi Cultural finaliza 3ª etapa com 101,6 mil pessoas em 32 cidades - Agência de Notícias da Indústria Sorocaba e região têm Lobofest e outros festivais no fim de semana - Band Cine Sesi tem 2º maior público do ano em Bonito com 4,9 mil pessoas - Agência de Notícias da Indústria Cine Sesi Cultural atrai público de 3,9 mil pessoas em Angélica - Agência de Notícias da Indústria GIRO FUNTRAB DE NOTÍCIAS – 03/06/2025 a 16/06/2025 - funtrab ms GIRO FUNTRAB DE NOTÍCIAS – 19/07/2025 a 29/07/2025 - funtrab ms Empregos - Hora Campinas Câmara de Jateí-MS abre concurso público para 3 cargos - Ache Concursos Iguatemi decreta situação de emergência após vendaval de 90 km/h - Midiamax Ciclone extratropical traz chuva forte e instabilidade para Mato Grosso do Sul - A Crítica de Campo Grande Vereadores mantêm vetos na LDO 2027 e projeto segue para sanção da Prefeitura de Campo Grande - Midiamax Iguatemi e Japorã recebem obras milionárias para saúde e infraestrutura - Midiamax Prefeitura de Iguatemi MS abre processo seletivo com 17 vagas em Assistência Social - Qconcursos Folha Dirigida Festival de Dança Coreografada da Melhor Idade define campeões  Fundesporte Cine Sesi Cultural finaliza 3ª etapa com 101,6 mil pessoas em 32 cidades  Agência de Notícias da Indústria Sorocaba e região têm Lobofest e outros festivais no fim de semana  Band Cine Sesi tem 2º maior público do ano em Bonito com 4,9 mil pessoas  Agência de Notícias da Indústria Cine Sesi Cultural atrai público de 3,9 mil pessoas em Angélica  Agência de Notícias da Indústria GIRO FUNTRAB DE NOTÍCIAS – 03/06/2025 a 16/06/2025  funtrab ms GIRO FUNTRAB DE NOTÍCIAS – 19/07/2025 a 29/07/2025  funtrab ms Empregos  Hora Campinas Câmara de Jateí-MS abre concurso público para 3 cargos  Ache Concursos Iguatemi decreta situação de emergência após vendaval de 90 km/h  Midiamax Ciclone extratropical traz chuva forte e instabilidade para Mato Grosso do Sul  A Crítica de Campo Grande Vereadores mantêm vetos na LDO 2027 e projeto segue para sanção da Prefeitura de Campo Grande  Midiamax Iguatemi e Japorã recebem obras milionárias para saúde e infraestrutura  Midiamax Prefeitura de Iguatemi MS abre processo seletivo com 17 vagas em Assistência Social  Qconcursos Folha Dirigida"
Itaporã,12,"itaporã, cine, sesi, pessoas, agência","Cine Sesi Cultural finaliza 3ª etapa com 101,6 mil pessoas em 32 cidades - Agência de Notícias da Indústria Projeto Artesania fomenta cultura e geração de renda no interior por meio do artesanato - Fundação de Cultura de Mato Grosso do Sul Neno Razuk destina R$ 5,3 milhões para cidades do interior - Capital News Cine Sesi tem 2º maior público do ano em Bonito com 4,9 mil pessoas - Agência de Notícias da Indústria Cine Sesi Cultural atrai público de 3,9 mil pessoas em Angélica - Agência de Notícias da Indústria Instituto Federal de MS oferece 750 vagas em cursos gratuitos de qualificação profissional - G1 Secretaria de Educação-MS abre 415 vagas para Assistente de Atividades Educacionais - Ache Concursos Itaporã é destaque em Mato Grosso do Sul com a segunda maior nota da Atenção Primária nos indicadores de qualidade - Prefeitura de Itaporã - MS Com 'bênção' do TCE-MS, Itaporã pagou R$ 1,2 milhão a esquema de livros investigado pelo Gaeco - Midiamax Vigilância Sanitária de Itaporã apresenta balanço da vacinação antirrábica em cães e gatos - Prefeitura de Itaporã - MS Senadora Soraya garante bicicletas elétricas e muda rotina de agentes de saúde em Itaporã - MS Todo dia Prefeito de Itaporã participa de encontro ""Progressistas em Movimento"" em João Pessoa - Prefeitura de Itaporã - MS Cine Sesi Cultural finaliza 3ª etapa com 101,6 mil pessoas em 32 cidades  Agência de Notícias da Indústria Projeto Artesania fomenta cultura e geração de renda no interior por meio do artesanato  Fundação de Cultura de Mato Grosso do Sul Neno Razuk destina R$ 5,3 milhões para cidades do interior  Capital News Cine Sesi tem 2º maior público do ano em Bonito com 4,9 mil pessoas  Agência de Notícias da Indústria Cine Sesi Cultural atrai público de 3,9 mil pessoas em Angélica  Agência de Notícias da Indústria Instituto Federal de MS oferece 750 vagas em cursos gratuitos de qualificação profissional  G1 Secretaria de Educação-MS abre 415 vagas para Assistente de Atividades Educacionais  Ache Concursos Itaporã é destaque em Mato Grosso do Sul com a segunda maior nota da Atenção Primária nos indicadores de qualidade  Prefeitura de Itaporã - MS Com 'bênção' do TCE-MS, Itaporã pagou R$ 1,2 milhão a esquema de livros investigado pelo Gaeco  Midiamax Vigilância Sanitária de Itaporã apresenta balanço da vacinação antirrábica em cães e gatos  Prefeitura de Itaporã - MS Senadora Soraya garante bicicletas elétricas e muda rotina de agentes de saúde em Itaporã  MS Todo dia Prefeito de Itaporã participa de encontro ""Progressistas em Movimento"" em João Pessoa  Prefeitura de Itaporã - MS"
Itaquiraí,14,"agência, notícias, funtrab, cine, sesi","Festival de Dança Coreografada da Melhor Idade define campeões - Fundesporte Cine Sesi Cultural finaliza 3ª etapa com 101,6 mil pessoas em 32 cidades - Agência de Notícias da Indústria Cine Sesi tem 2º maior público do ano em Bonito com 4,9 mil pessoas - Agência de Notícias da Indústria Cine Sesi Cultural atrai público de 3,9 mil pessoas em Angélica - Agência de Notícias da Indústria GIRO FUNTRAB DE NOTÍCIAS – 03/06/2025 a 16/06/2025 - funtrab ms CCR MSVia está com 30 vagas de trabalho abertas em municípios de MS - Motiva Rodovias Governo oferece curso de comércio exterior para qualificar jovens de municípios impactados pela Rota Bioceânica - Semadesc MS Quer trabalhar? Concessionárias de rodovias abrem vagas em vários estados - Estradas Na Capital, EJA é ofertado em 16 escolas e na modalidade à distância; veja lista - Campo Grande News Itaquiraí lança Plano de Desenvolvimento Municipal para diversificar e fortalecer a economia local - Agência Sebrae de Notícias Sidrolândia (MS) receberá Mutirão de Documentação da Trabalhadora Rural - www.gov.br Rede Municipal de Ensino recebe novo ônibus escolar para atender estudantes de Bandeirantes - Bandeirantes – MS Funtrab e Prefeitura de Mundo Novo terão agência pública de emprego (Casa do Trabalhador) no município - funtrab ms Justiça determina atualização de portais de transparência em Itaquiraí/MS - Campo Grande News Festival de Dança Coreografada da Melhor Idade define campeões  Fundesporte Cine Sesi Cultural finaliza 3ª etapa com 101,6 mil pessoas em 32 cidades  Agência de Notícias da Indústria Cine Sesi tem 2º maior público do ano em Bonito com 4,9 mil pessoas  Agência de Notícias da Indústria Cine Sesi Cultural atrai público de 3,9 mil pessoas em Angélica  Agência de Notícias da Indústria GIRO FUNTRAB DE NOTÍCIAS – 03/06/2025 a 16/06/2025  funtrab ms CCR MSVia está com 30 vagas de trabalho abertas em municípios de MS  Motiva Rodovias Governo oferece curso de comércio exterior para qualificar jovens de municípios impactados pela Rota Bioceânica  Semadesc MS Quer trabalhar? Concessionárias de rodovias abrem vagas em vários estados  Estradas Na Capital, EJA é ofertado em 16 escolas e na modalidade à distância; veja lista  Campo Grande News Itaquiraí lança Plano de Desenvolvimento Municipal para diversificar e fortalecer a economia local  Agência Sebrae de Notícias Sidrolândia (MS) receberá Mutirão de Documentação da Trabalhadora Rural  www.gov.br Rede Municipal de Ensino recebe novo ônibus escolar para atender estudantes de Bandeirantes  Bandeirantes – MS Funtrab e Prefeitura de Mundo Novo terão agência pública de emprego (Casa do Trabalhador) no município  funtrab ms Justiça determina atualização de portais de transparência em Itaquiraí/MS  Campo Grande News"
Ivinhema,12,"funtrab, vagas, ivinhema, interior, cultura","Agendão: fim de semana vem com Ney Matogrosso, Som da Concha, chegada do Papai Noel, exposições e shows no interior - pontaporaemdia.com.br Projeto Artesania fomenta cultura e geração de renda no interior por meio do artesanato - Fundação de Cultura de Mato Grosso do Sul GIRO FUNTRAB DE NOTÍCIAS – 03/06/2025 a 16/06/2025 - funtrab ms Funtrab e Biosul anunciam 2ª Rodada de Empregabilidade do Setor de Bioenergia com mais de 630 vagas em 15 municípios de MS - Semadesc MS Rodada de Empregabilidade mostra a diversidade de profissões que movem o setor de Bioenergia em MS - Cana Online Inscrições abertas para processo seletivo de cursos técnicos em Agronegócio e Fruticultura do Senar/MS - Sistema Famasul Corpo de Bombeiros divulga novo resultado da seleção para bombeiros temporários - Midiamax Agehab e prefeitura estendem convênio para construção de 20 casas populares em Ivinhema - Midiamax Em MS, prefeito bolsonarista pede voto para Vander ao Senado - MS Notícias Câmara de Ivinhema MS concurso 14 vagas salários iniciais - Sou Enfermagem Renato Câmara cumpre agenda em Ivinhema com entrega na Escola Angelina Jaime Tebet - Diário MS News Prefeitura de Batayporã MS abre processo seletivo com 4 vagas - Qconcursos Folha Dirigida Agendão: fim de semana vem com Ney Matogrosso, Som da Concha, chegada do Papai Noel, exposições e shows no interior  pontaporaemdia.com.br Projeto Artesania fomenta cultura e geração de renda no interior por meio do artesanato  Fundação de Cultura de Mato Grosso do Sul GIRO FUNTRAB DE NOTÍCIAS – 03/06/2025 a 16/06/2025  funtrab ms Funtrab e Biosul anunciam 2ª Rodada de Empregabilidade do Setor de Bioenergia com mais de 630 vagas em 15 municípios de MS  Semadesc MS Rodada de Empregabilidade mostra a diversidade de profissões que movem o setor de Bioenergia em MS  Cana Online Inscrições abertas para processo seletivo de cursos técnicos em Agronegócio e Fruticultura do Senar/MS  Sistema Famasul Corpo de Bombeiros divulga novo resultado da seleção para bombeiros temporários  Midiamax Agehab e prefeitura estendem convênio para construção de 20 casas populares em Ivinhema  Midiamax Em MS, prefeito bolsonarista pede voto para Vander ao Senado  MS Notícias Câmara de Ivinhema MS concurso 14 vagas salários iniciais  Sou Enfermagem Renato Câmara cumpre agenda em Ivinhema com entrega na Escola Angelina Jaime Tebet  Diário MS News Prefeitura de Batayporã MS abre processo seletivo com 4 vagas  Qconcursos Folha Dirigida"
Jardim,15,"jardim, abre, campo, grande, prefeitura","Segunda maior cidade de MS com IDHM 0,747 e dona da 3ª melhor qualidade de vida - Correio Braziliense Sorocaba e região têm Lobofest e outros festivais no fim de semana - Band Agenda cultural: Sorocaba tem Samba 90 Graus, Tasha & Tracie e mais - Band Do vinhedo paulista às águas termais goianas: as 6 cidades do interior para viver bem no Brasil - Revista Oeste Mato Grosso do Sul — Cultura Viva - www.gov.br Com parceria do Senai, Energisa abre 33 vagas para oportunidade de primeiro emprego em Campo Grande - ArapuaNews CIEE abre 210 vagas para estudantes em Mato Grosso - Primeira Página IFMS abre inscrições para cursos gratuitos de qualificação profissional a distância em Três Lagoas - RCN67 Oferta inédita no IFMS abre curso de informática para mulheres - Correio de Corumbá Cursos para mulheres em MS: bolsa de até R$ 720 em 8 cidades - Campo Grande News Prefeitura conclui desocupação irregular de área pública no Jardim João Paulo II - pontaporaemdia Concluída desocupação irregular de área pública no Jardim João Paulo II - Dourados Informa Prefeitura inicia desocupação de área invadida no Jardim João Paulo II - Dourados News Jornal Midiamax. O Ian (Instituto de Avaliação Nacional), responsável pela organização do ce - Facebook Sábado tem Mutirão Todos em Ação no Jardim Anache – CGNotícias - Prefeitura de Campo Grande Segunda maior cidade de MS com IDHM 0,747 e dona da 3ª melhor qualidade de vida  Correio Braziliense Sorocaba e região têm Lobofest e outros festivais no fim de semana  Band Agenda cultural: Sorocaba tem Samba 90 Graus, Tasha & Tracie e mais  Band Do vinhedo paulista às águas termais goianas: as 6 cidades do interior para viver bem no Brasil  Revista Oeste Mato Grosso do Sul — Cultura Viva  www.gov.br Com parceria do Senai, Energisa abre 33 vagas para oportunidade de primeiro emprego em Campo Grande  ArapuaNews CIEE abre 210 vagas para estudantes em Mato Grosso  Primeira Página IFMS abre inscrições para cursos gratuitos de qualificação profissional a distância em Três Lagoas  RCN67 Oferta inédita no IFMS abre curso de informática para mulheres  Correio de Corumbá Cursos para mulheres em MS: bolsa de até R$ 720 em 8 cidades  Campo Grande News Prefeitura conclui desocupação irregular de área pública no Jardim João Paulo II  pontaporaemdia Concluída desocupação irregular de área pública no Jardim João Paulo II  Dourados Informa Prefeitura inicia desocupação de área invadida no Jardim João Paulo II  Dourados News Jornal Midiamax. O Ian (Instituto de Avaliação Nacional), responsável pela organização do ce  Facebook Sábado tem Mutirão Todos em Ação no Jardim Anache – CGNotícias  Prefeitura de Campo Grande"
Ladário,15,"vagas, ladário, corumbá, mato, grosso","Mato Grosso do Sul — Cultura Viva - www.gov.br Moinho Cultural promove júri simulado para debater abuso sexual - Correio de Corumbá Moinho Cultural sai em turnê por Mato Grosso do Sul com o espetáculo Guadakan - Fundação de Cultura de Mato Grosso do Sul Festival América do Sul Pantanal terá edição 2016 realizada em setembro - Diário Corumbaense Instituto Moinho Cultural abre vagas gratuitas para oficinas de música - Folha MS Senai oferece 410 vagas em cursos técnicos gratuitos com auxílio de R$ 300 - Diário Corumbaense IFMS abre 480 vagas para curso preparatório gratuito com bolsa de R$ 200 - Campo Grande News 4,3 mil estudantes fazem prova para ingresso no IFMS - Correio de Corumbá Ladário abre 31 vagas para assistente de educação infantil com salário inicial de R$ 1,3 mil - Midiamax Confira lista com 128 concursos abertos e 32.337 vagas em todo o país - Correio Braziliense Parque Pérola do Pantanal será novo refúgio em Ladário - Campo Grande News 'Vamos esperar', diz presidente da Câmara de Ladário sobre abertura de CPI após operação - Midiamax TJMS mantém condenação de ex-secretários de Ladário por obra sem licitação - Folha MS Ladário agenda audiência pública para discutir LDO 2027 - Midiamax Caravana da Castração encerra atividades em Corumbá com mais de 1,2 mil animais atendidos - Município de Corumbá Mato Grosso do Sul — Cultura Viva  www.gov.br Moinho Cultural promove júri simulado para debater abuso sexual  Correio de Corumbá Moinho Cultural sai em turnê por Mato Grosso do Sul com o espetáculo Guadakan  Fundação de Cultura de Mato Grosso do Sul Festival América do Sul Pantanal terá edição 2016 realizada em setembro  Diário Corumbaense Instituto Moinho Cultural abre vagas gratuitas para oficinas de música  Folha MS Senai oferece 410 vagas em cursos técnicos gratuitos com auxílio de R$ 300  Diário Corumbaense IFMS abre 480 vagas para curso preparatório gratuito com bolsa de R$ 200  Campo Grande News 4,3 mil estudantes fazem prova para ingresso no IFMS  Correio de Corumbá Ladário abre 31 vagas para assistente de educação infantil com salário inicial de R$ 1,3 mil  Midiamax Confira lista com 128 concursos abertos e 32.337 vagas em todo o país  Correio Braziliense Parque Pérola do Pantanal será novo refúgio em Ladário  Campo Grande News 'Vamos esperar', diz presidente da Câmara de Ladário sobre abertura de CPI após operação  Midiamax TJMS mantém condenação de ex-secretários de Ladário por obra sem licitação  Folha MS Ladário agenda audiência pública para discutir LDO 2027  Midiamax Caravana da Castração encerra atividades em Corumbá com mais de 1,2 mil animais atendidos  Município de Corumbá"
Miranda,15,"miranda, marcelo, diário, pantanal, news","Miranda celebra 248 anos com Fecir, rodeio e grandes shows musicais - O Pantaneiro Jamilson Name visita municípios do Pantanal e reforça atuação em defesa do desenvolvimento regional - Midiamax Entrevista com o ex-secretário Marcelo Miranda, Jornal da Top - Diário MS News Semana Modos de Acessar 2021 - Sesc São Paulo Com abertura nesta quinta-feira, Jogos Escolares da Juventude de MS 2024 tem recorde de participações - Fundesporte/MS Falta de mão de obra desafia construção civil em MS - Campo Grande News Seu futuro é agora! Senai tem mais de 2,4 mil vagas em cursos em MS - RCN67 GIRO FUNTRAB DE NOTÍCIAS – 03/06/2025 a 16/06/2025 - funtrab ms Escritório Social da Agepen transforma recomeços e amplia oportunidades para egressos do sistema prisional - Agência Estadual de Administração do Sistema Penitenciário (Agepen) Com educação profissional e qualificação, população de MS é beneficiada com melhores oportunidades de emprego - Arena de Notícias Dona de casa viaja 212 km para participar do Mutirão Todos em Ação – CGNotícias - Prefeitura de Campo Grande Morre Marcelo Miranda, ex-governador de Mato Grosso do Sul - Diário Corumbaense Nota de Pesar – Marcelo Miranda Soares, ex-Governador de Mato Grosso do Sul - Diário Chapadense MS se despede de Marcelo Miranda com luto oficial de três dias - Primeira Página Produtores rurais impedem audiência pública sobre criação de unidade de conservação no Pantanal - Viomundo Miranda celebra 248 anos com Fecir, rodeio e grandes shows musicais  O Pantaneiro Jamilson Name visita municípios do Pantanal e reforça atuação em defesa do desenvolvimento regional  Midiamax Entrevista com o ex-secretário Marcelo Miranda, Jornal da Top  Diário MS News Semana Modos de Acessar 2021  Sesc São Paulo Com abertura nesta quinta-feira, Jogos Escolares da Juventude de MS 2024 tem recorde de participações  Fundesporte/MS Falta de mão de obra desafia construção civil em MS  Campo Grande News Seu futuro é agora! Senai tem mais de 2,4 mil vagas em cursos em MS  RCN67 GIRO FUNTRAB DE NOTÍCIAS – 03/06/2025 a 16/06/2025  funtrab ms Escritório Social da Agepen transforma recomeços e amplia oportunidades para egressos do sistema prisional  Agência Estadual de Administração do Sistema Penitenciário (Agepen) Com educação profissional e qualificação, população de MS é beneficiada com melhores oportunidades de emprego  Arena de Notícias Dona de casa viaja 212 km para participar do Mutirão Todos em Ação – CGNotícias  Prefeitura de Campo Grande Morre Marcelo Miranda, ex-governador de Mato Grosso do Sul  Diário Corumbaense Nota de Pesar – Marcelo Miranda Soares, ex-Governador de Mato Grosso do Sul  Diário Chapadense MS se despede de Marcelo Miranda com luto oficial de três dias  Primeira Página Produtores rurais impedem audiência pública sobre criação de unidade de conservação no Pantanal  Viomundo"
Mundo Novo,14,"cine, sesi, pessoas, agência, notícias","Cine Sesi Cultural finaliza 3ª etapa com 101,6 mil pessoas em 32 cidades - Agência de Notícias da Indústria Projeto Artesania fomenta cultura e geração de renda no interior por meio do artesanato - Fundação de Cultura de Mato Grosso do Sul Cine Sesi tem 2º maior público do ano em Bonito com 4,9 mil pessoas - Agência de Notícias da Indústria Cine Sesi Cultural atrai público de 3,9 mil pessoas em Angélica - Agência de Notícias da Indústria CCR MSVia está com 30 vagas de trabalho abertas em municípios de MS - Motiva Rodovias Em Aquidauana, UEMS oferece 104 vagas para 4 graduações - UEMS Concurso Mundo Novo MS: confira os gabaritos! - Estratégia Concursos IFMS divulga lista para pré-matrícula de candidatos em cursos técnicos presenciais - Midiamax Sanesul abre processo seletivo com 40 vagas e salário de até R$ 3.189,38 - G1 Itaipu anuncia investimentos em esporte, educação e infraestrutura para a região oeste do Paraná - GDia Guardas Civis cobram melhoria salarial durante audiência pública na Câmara - Midiamax MPMS cumpre busca na Prefeitura de Japorã por supersalário - Campo Grande News Mundo Novo investe R$ 1.011.220 na construção de ponte em estrada rural - O TEMPO Agosto Lilás mobiliza magistrados em ações de conscientização - Dourados News Cine Sesi Cultural finaliza 3ª etapa com 101,6 mil pessoas em 32 cidades  Agência de Notícias da Indústria Projeto Artesania fomenta cultura e geração de renda no interior por meio do artesanato  Fundação de Cultura de Mato Grosso do Sul Cine Sesi tem 2º maior público do ano em Bonito com 4,9 mil pessoas  Agência de Notícias da Indústria Cine Sesi Cultural atrai público de 3,9 mil pessoas em Angélica  Agência de Notícias da Indústria CCR MSVia está com 30 vagas de trabalho abertas em municípios de MS  Motiva Rodovias Em Aquidauana, UEMS oferece 104 vagas para 4 graduações  UEMS Concurso Mundo Novo MS: confira os gabaritos! Estratégia Concursos IFMS divulga lista para pré-matrícula de candidatos em cursos técnicos presenciais  Midiamax Sanesul abre processo seletivo com 40 vagas e salário de até R$ 3.189,38  G1 Itaipu anuncia investimentos em esporte, educação e infraestrutura para a região oeste do Paraná  GDia Guardas Civis cobram melhoria salarial durante audiência pública na Câmara  Midiamax MPMS cumpre busca na Prefeitura de Japorã por supersalário  Campo Grande News Mundo Novo investe R$ 1.011.220 na construção de ponte em estrada rural  O TEMPO Agosto Lilás mobiliza magistrados em ações de conscientização  Dourados News"
Naviraí,15,"pessoas, notícias, vagas, naviraí, cine","Cine Sesi Cultural finaliza 3ª etapa com 101,6 mil pessoas em 32 cidades - Agência de Notícias da Indústria Projeto Artesania fomenta cultura e geração de renda no interior por meio do artesanato - Fundação de Cultura de Mato Grosso do Sul Cine Sesi Cultural atrai público de 3,9 mil pessoas em Angélica - Agência de Notícias da Indústria Cine Sesi tem 2º maior público do ano em Bonito com 4,9 mil pessoas - Agência de Notícias da Indústria Projeto Circula Cultura MS encerra primeira edição com público de 25 mil pessoas em 42 municípios - Fátima News Seu futuro é agora! Senai tem mais de 2,4 mil vagas em cursos em MS - tanamidianavirai.com.br Senai MS: 2 mil vagas em cursos técnicos com bolsa de R$ 300; inscreva-se - Campo Grande News GIRO FUNTRAB DE NOTÍCIAS – 03/06/2025 a 16/06/2025 - funtrab ms Aumente suas chances de emprego estudando de graça: IFMS abre vagas para 3 cursos técnicos EAD - PEBSP - Portal de Educação Funtrab e Biosul anunciam 2ª Rodada de Empregabilidade do Setor de Bioenergia com mais de 630 vagas em 15 municípios de MS - Semadesc MS Naviraí Promove Drive-Thru de Vacinação contra Influenza neste Sábado na Praça Euclides Fabris - navirai.ms.gov.br De Onevan de Matos a Rhaiza Matos: uma firmeza que atravessa duas gerações - Diário MS News Carretas do SUS zeram 12 filas de exames em Naviraí, Ponta Porã e Aquidauana - A Crítica de Campo Grande Naviraí coloca folha dos servidores ‘à venda’ por, no mínimo, R$ 6,5 milhões - Midiamax MPMS investiga pagamento de salários abaixo do mínimo em Naviraí - MPMS Cine Sesi Cultural finaliza 3ª etapa com 101,6 mil pessoas em 32 cidades  Agência de Notícias da Indústria Projeto Artesania fomenta cultura e geração de renda no interior por meio do artesanato  Fundação de Cultura de Mato Grosso do Sul Cine Sesi Cultural atrai público de 3,9 mil pessoas em Angélica  Agência de Notícias da Indústria Cine Sesi tem 2º maior público do ano em Bonito com 4,9 mil pessoas  Agência de Notícias da Indústria Projeto Circula Cultura MS encerra primeira edição com público de 25 mil pessoas em 42 municípios  Fátima News Seu futuro é agora! Senai tem mais de 2,4 mil vagas em cursos em MS  tanamidianavirai.com.br Senai MS: 2 mil vagas em cursos técnicos com bolsa de R$ 300; inscreva-se  Campo Grande News GIRO FUNTRAB DE NOTÍCIAS – 03/06/2025 a 16/06/2025  funtrab ms Aumente suas chances de emprego estudando de graça: IFMS abre vagas para 3 cursos técnicos EAD  PEBSP - Portal de Educação Funtrab e Biosul anunciam 2ª Rodada de Empregabilidade do Setor de Bioenergia com mais de 630 vagas em 15 municípios de MS  Semadesc MS Naviraí Promove Drive-Thru de Vacinação contra Influenza neste Sábado na Praça Euclides Fabris  navirai.ms.gov.br De Onevan de Matos a Rhaiza Matos: uma firmeza que atravessa duas gerações  Diário MS News Carretas do SUS zeram 12 filas de exames em Naviraí, Ponta Porã e Aquidauana  A Crítica de Campo Grande Naviraí coloca folha dos servidores ‘à venda’ por, no mínimo, R$ 6,5 milhões  Midiamax MPMS investiga pagamento de salários abaixo do mínimo em Naviraí  MPMS"
Nova Andradina,15,"nova, andradina, vagas, prefeitura, campo",O Auto da Compadecida terá duas apresentações gratuitas em Nova Andradina - Prefeitura Municipal - Nova Andradina 8º Festival Mais Esporte promove mais de 100 atividades nos câmpus - UFMS Corrida dos Bombeiros de Nova Andradina cria categoria regional - A Crítica de Campo Grande Festival de Dança Coreografada da Melhor Idade define campeões - Fundesporte Paralimpíadas Escolares de MS começam neste fim de semana com atletas de 20 municípios - Rio Verde News JBS tem mais de 210 vagas de emprego disponíveis em Mato Grosso do Sul - Midiamax Senai MS: 2 mil vagas em cursos técnicos com bolsa de R$ 300; inscreva-se - Campo Grande News GIRO FUNTRAB DE NOTÍCIAS – 03/06/2025 a 16/06/2025 - funtrab ms Aumente suas chances de emprego estudando de graça: IFMS abre vagas para 3 cursos técnicos EAD - PEBSP - Portal de Educação Funtrab e Biosul anunciam 2ª Rodada de Empregabilidade do Setor de Bioenergia com mais de 630 vagas em 15 municípios de MS - Semadesc MS Nova Andradina recebe evento gratuito sobre inovação e transformação digital na construção civil - Prefeitura Municipal - Nova Andradina Nova Andradina abre consulta pública para definir prioridades do orçamento de 2027 - A Crítica de Campo Grande Nova Andradina reúne profissionais para discutir inovação e tecnologia na construção civil - Cenário MS Parceria entre Agepen e Nova Andradina garante economia superior a 50% e amplia política de trabalho prisional - Sejusp MS Agepen e Prefeitura firmam parceria para utilização de mão de obra prisional na limpeza urbana de Nova Andradina - Agência Estadual de Administração do Sistema Penitenciário (Agepen) O Auto da Compadecida terá duas apresentações gratuitas em Nova Andradina  Prefeitura Municipal - Nova Andradina 8º Festival Mais Esporte promove mais de 100 atividades nos câmpus  UFMS Corrida dos Bombeiros de Nova Andradina cria categoria regional  A Crítica de Campo Grande Festival de Dança Coreografada da Melhor Idade define campeões  Fundesporte Paralimpíadas Escolares de MS começam neste fim de semana com atletas de 20 municípios  Rio Verde News JBS tem mais de 210 vagas de emprego disponíveis em Mato Grosso do Sul  Midiamax Senai MS: 2 mil vagas em cursos técnicos com bolsa de R$ 300; inscreva-se  Campo Grande News GIRO FUNTRAB DE NOTÍCIAS – 03/06/2025 a 16/06/2025  funtrab ms Aumente suas chances de emprego estudando de graça: IFMS abre vagas para 3 cursos técnicos EAD  PEBSP - Portal de Educação Funtrab e Biosul anunciam 2ª Rodada de Empregabilidade do Setor de Bioenergia com mais de 630 vagas em 15 municípios de MS  Semadesc MS Nova Andradina recebe evento gratuito sobre inovação e transformação digital na construção civil  Prefeitura Municipal - Nova Andradina Nova Andradina abre consulta pública para definir prioridades do orçamento de 2027  A Crítica de Campo Grande Nova Andradina reúne profissionais para discutir inovação e tecnologia na construção civil  Cenário MS Parceria entre Agepen e Nova Andradina garante economia superior a 50% e amplia política de trabalho prisional  Sejusp MS Agepen e Prefeitura firmam parceria para utilização de mão de obra prisional na limpeza urbana de Nova Andradina  Agência Estadual de Administração do Sistema Penitenciário (Agepen)
Paranaíba,15,"agência, vagas, prefeitura, paranaíba, oferece","Sesc Movimenta oferece 27 atividades gratuitas em Uberlândia e Uberaba; veja programação - G1 Cine Sesi Cultural finaliza 3ª etapa com 101,6 mil pessoas em 32 cidades - Agência de Notícias da Indústria Cine Sesi Cultural atrai público de 3,9 mil pessoas em Angélica - Agência de Notícias da Indústria Distrito de Santa Rosa recebe o 3º Circuito Regional de Turismo Rural, em Uberaba - G1 Cine Sesi tem 2º maior público do ano em Bonito com 4,9 mil pessoas - Agência de Notícias da Indústria Senai oferece 410 vagas em cursos técnicos gratuitos com auxílio de R$ 300 - Diário Corumbaense Arauco capacita operadores e mecânicos florestais - Hojemais.com.br Senai abre inscrições para programa que oferece cursos técnicos gratuitos e auxílio mensal de R$ 300 - FIEMS Funtrab e Biosul anunciam 2ª Rodada de Empregabilidade do Setor de Bioenergia com mais de 630 vagas em 15 municípios de MS - Semadesc MS SENAI abre vagas em cursos técnicos gratuitos com auxílio de R$ 300 por mês - Hora Brasil Prefeitura de Paranaíba - MS anuncia processo seletivo com vagas imediatas e cadastro de reserva - PCI Concursos Justiça condena prefeitura de MS após professora ser exposta em vídeo sobre atestados médicos - G1 Câmara de Paranaíba cancela licitação para contratar agência de publicidade - RCN 67 Prefeitura de Paranaíba é condenada a pagar indenização após professora ser exposta em vídeo sobre atestados médicos - RCN 67 Educação realizará aplicação do SAEMS na próxima semana - Prefeitura Municipal de Paranaíba-MS Sesc Movimenta oferece 27 atividades gratuitas em Uberlândia e Uberaba; veja programação  G1 Cine Sesi Cultural finaliza 3ª etapa com 101,6 mil pessoas em 32 cidades  Agência de Notícias da Indústria Cine Sesi Cultural atrai público de 3,9 mil pessoas em Angélica  Agência de Notícias da Indústria Distrito de Santa Rosa recebe o 3º Circuito Regional de Turismo Rural, em Uberaba  G1 Cine Sesi tem 2º maior público do ano em Bonito com 4,9 mil pessoas  Agência de Notícias da Indústria Senai oferece 410 vagas em cursos técnicos gratuitos com auxílio de R$ 300  Diário Corumbaense Arauco capacita operadores e mecânicos florestais  Hojemais.com.br Senai abre inscrições para programa que oferece cursos técnicos gratuitos e auxílio mensal de R$ 300  FIEMS Funtrab e Biosul anunciam 2ª Rodada de Empregabilidade do Setor de Bioenergia com mais de 630 vagas em 15 municípios de MS  Semadesc MS SENAI abre vagas em cursos técnicos gratuitos com auxílio de R$ 300 por mês  Hora Brasil Prefeitura de Paranaíba - MS anuncia processo seletivo com vagas imediatas e cadastro de reserva  PCI Concursos Justiça condena prefeitura de MS após professora ser exposta em vídeo sobre atestados médicos  G1 Câmara de Paranaíba cancela licitação para contratar agência de publicidade  RCN 67 Prefeitura de Paranaíba é condenada a pagar indenização após professora ser exposta em vídeo sobre atestados médicos  RCN 67 Educação realizará aplicação do SAEMS na próxima semana  Prefeitura Municipal de Paranaíba-MS"
Paranhos,12,"agência, notícias, paranhos, cine, sesi","Cine Sesi Cultural finaliza 3ª etapa com 101,6 mil pessoas em 32 cidades - Agência de Notícias da Indústria Neno Razuk destina R$ 5,3 milhões para cidades do interior - Capital News Cine Sesi tem 2º maior público do ano em Bonito com 4,9 mil pessoas - Agência de Notícias da Indústria Cine Sesi Cultural atrai público de 3,9 mil pessoas em Angélica - Agência de Notícias da Indústria IFMS Abre Centenas de Vagas em Cursos de Qualificação Profissional Totalmente EAD Com Seleção Por Sorteio! - PEBSP - Portal de Educação Multinacional abre vagas para programa de estágio - O Dia Secretaria de Educação-MS abre 415 vagas para Assistente de Atividades Educacionais - Ache Concursos Paranhos lança Plano de Desenvolvimento Municipal para impulsionar empreendedorismo e fortalecimento da economia local - Agência Sebrae de Notícias TRF3 e JFMS abrem a 12ª edição do projeto “Caminho do Acordo”, na Aldeia Pirajuí, em Paranhos/MS - Tribunal Regional Federal da 3ª Região Pacote de R$ 10 milhões prevê de ambulâncias no interior de MS - Midiamax Novo prefeito de Paranhos faz exoneração em massa e nomeia novos integrantes do primeiro escalão - G1 Novo prefeito de Paranhos exonera secretariado em 7 de novembro - Campo Grande News Cine Sesi Cultural finaliza 3ª etapa com 101,6 mil pessoas em 32 cidades  Agência de Notícias da Indústria Neno Razuk destina R$ 5,3 milhões para cidades do interior  Capital News Cine Sesi tem 2º maior público do ano em Bonito com 4,9 mil pessoas  Agência de Notícias da Indústria Cine Sesi Cultural atrai público de 3,9 mil pessoas em Angélica  Agência de Notícias da Indústria IFMS Abre Centenas de Vagas em Cursos de Qualificação Profissional Totalmente EAD Com Seleção Por Sorteio! PEBSP - Portal de Educação Multinacional abre vagas para programa de estágio  O Dia Secretaria de Educação-MS abre 415 vagas para Assistente de Atividades Educacionais  Ache Concursos Paranhos lança Plano de Desenvolvimento Municipal para impulsionar empreendedorismo e fortalecimento da economia local  Agência Sebrae de Notícias TRF3 e JFMS abrem a 12ª edição do projeto “Caminho do Acordo”, na Aldeia Pirajuí, em Paranhos/MS  Tribunal Regional Federal da 3ª Região Pacote de R$ 10 milhões prevê de ambulâncias no interior de MS  Midiamax Novo prefeito de Paranhos faz exoneração em massa e nomeia novos integrantes do primeiro escalão  G1 Novo prefeito de Paranhos exonera secretariado em 7 de novembro  Campo Grande News"
Porto Murtinho,15,"porto, murtinho, rota, mato, grosso","Mato Grosso do Sul no início do século XXI: entre transições e permanências - OpenEdition Journals Projeto Artesania fomenta cultura e geração de renda no interior por meio do artesanato - Fundação de Cultura de Mato Grosso do Sul Rota bioceânica deve impactar municípios com incremento na educação, turismo e negócios - Acrissul Megaestrada que liga o Brasil ao Chile se transforma na rota do desenvolvimento de MS - G1 Festival América do Sul Pantanal terá edição 2016 realizada em setembro - Diário Corumbaense Governo oferece curso de comércio exterior para qualificar jovens de municípios impactados pela Rota Bioceânica - Semadesc MS Funtrab, MS Qualifica e Mais Social realizam cursos gratuitos em Sonora e Porto Murtinho - funtrab ms Candidatos aprovados na seleção para bombeiro são convocados para curso de capacitação - Midiamax MS: Seleção para bombeiro temporário tem 15,6 candidatos por vaga - Campo Grande News IFMS abre 360 vagas em especialização gratuita a distância - InfoEducação Sicredi firma convênio de crédito consignado com a Câmara Municipal de Porto Murtinho - Sicredi Porto Murtinho: MPMS instaura investigação sobre imóvel abandonado no centro histórico - MPMS Moradores de Porto Murtinho/MS recebem serviços de cidadania em nova edição do Juizado Especial Federal Itinerante - Tribunal Regional Federal da 3ª Região Pacote de R$ 10 milhões prevê de ambulâncias no interior de MS - Midiamax Operação Gutenberg: Gaeco mira esquema de R$ 27 milhões em compra de livros e corrupção na saúde - Idest Mato Grosso do Sul no início do século XXI: entre transições e permanências  OpenEdition Journals Projeto Artesania fomenta cultura e geração de renda no interior por meio do artesanato  Fundação de Cultura de Mato Grosso do Sul Rota bioceânica deve impactar municípios com incremento na educação, turismo e negócios  Acrissul Megaestrada que liga o Brasil ao Chile se transforma na rota do desenvolvimento de MS  G1 Festival América do Sul Pantanal terá edição 2016 realizada em setembro  Diário Corumbaense Governo oferece curso de comércio exterior para qualificar jovens de municípios impactados pela Rota Bioceânica  Semadesc MS Funtrab, MS Qualifica e Mais Social realizam cursos gratuitos em Sonora e Porto Murtinho  funtrab ms Candidatos aprovados na seleção para bombeiro são convocados para curso de capacitação  Midiamax MS: Seleção para bombeiro temporário tem 15,6 candidatos por vaga  Campo Grande News IFMS abre 360 vagas em especialização gratuita a distância  InfoEducação Sicredi firma convênio de crédito consignado com a Câmara Municipal de Porto Murtinho  Sicredi Porto Murtinho: MPMS instaura investigação sobre imóvel abandonado no centro histórico  MPMS Moradores de Porto Murtinho/MS recebem serviços de cidadania em nova edição do Juizado Especial Federal Itinerante  Tribunal Regional Federal da 3ª Região Pacote de R$ 10 milhões prevê de ambulâncias no interior de MS  Midiamax Operação Gutenberg: Gaeco mira esquema de R$ 27 milhões em compra de livros e corrupção na saúde  Idest"
Ribas do Rio Pardo,15,"ribas, campo, grande, sebrae, notícias","7ª Mostra de Turismo de Campo Grande conecta setor às novas tendências e valoriza pequenos negócios - Agência Sebrae de Notícias Sistema Comércio presenteia Campo Grande com bolo para celebrar os 127 anos da Capital - RCN67 Sebrae/MS leva capacitação e inovação à Expo Ribas 2026 - Agência Sebrae de Notícias Neno Razuk destina R$ 5,3 milhões para cidades do interior - Capital News Projeto Artesania fomenta cultura e geração de renda no interior por meio do artesanato - Fundação de Cultura de Mato Grosso do Sul Empresa de celulose abre 23 vagas para formação em eletromecânica - A Crítica de Campo Grande Suzano abre 23 vagas para formação de jovens no setor industrial em MS - diariodigital.com.br Seu futuro é agora! Senai tem mais de 2,4 mil vagas em cursos em MS - tanamidianavirai.com.br GIRO FUNTRAB DE NOTÍCIAS – 03/06/2025 a 16/06/2025 - funtrab ms Suzano oferece bolsas de R$ 1,8 mil em curso técnico de Eletromecânica em Ribas - radio90fm.com.br Estudo propõe PPP de 35 anos e taxa de lixo para limpeza urbana em Ribas do Rio Pardo - Midiamax Ribas do Rio Pardo: quando indústria e educação se unem para outra cidade nascer - FIEMS Moradores de Porto Murtinho/MS recebem serviços de cidadania em nova edição do Juizado Especial Federal Itinerante - Tribunal Regional Federal da 3ª Região Polícia Civil inaugura a 53ª Sala Lilás do MS, em Japorã - Sejusp MS Polícia Civil inaugura a 52ª Sala Lilás do MS, em Aparecida do Taboado - Polícia Civil de Mato Grosso do Sul 7ª Mostra de Turismo de Campo Grande conecta setor às novas tendências e valoriza pequenos negócios  Agência Sebrae de Notícias Sistema Comércio presenteia Campo Grande com bolo para celebrar os 127 anos da Capital  RCN67 Sebrae/MS leva capacitação e inovação à Expo Ribas 2026  Agência Sebrae de Notícias Neno Razuk destina R$ 5,3 milhões para cidades do interior  Capital News Projeto Artesania fomenta cultura e geração de renda no interior por meio do artesanato  Fundação de Cultura de Mato Grosso do Sul Empresa de celulose abre 23 vagas para formação em eletromecânica  A Crítica de Campo Grande Suzano abre 23 vagas para formação de jovens no setor industrial em MS  diariodigital.com.br Seu futuro é agora! Senai tem mais de 2,4 mil vagas em cursos em MS  tanamidianavirai.com.br GIRO FUNTRAB DE NOTÍCIAS – 03/06/2025 a 16/06/2025  funtrab ms Suzano oferece bolsas de R$ 1,8 mil em curso técnico de Eletromecânica em Ribas  radio90fm.com.br Estudo propõe PPP de 35 anos e taxa de lixo para limpeza urbana em Ribas do Rio Pardo  Midiamax Ribas do Rio Pardo: quando indústria e educação se unem para outra cidade nascer  FIEMS Moradores de Porto Murtinho/MS recebem serviços de cidadania em nova edição do Juizado Especial Federal Itinerante  Tribunal Regional Federal da 3ª Região Polícia Civil inaugura a 53ª Sala Lilás do MS, em Japorã  Sejusp MS Polícia Civil inaugura a 52ª Sala Lilás do MS, em Aparecida do Taboado  Polícia Civil de Mato Grosso do Sul"
Sete Quedas,8,"sete, quedas, infraestrutura, investimentos, milhões","Sete Quedas amplia infraestrutura, saneamento e lazer com investimentos superiores a R$ 23 milhões - Fátima News Concurso Sanesul: Edital publicado com 90 vagas. - Nova Concursos Secretaria de Educação-MS abre 415 vagas para Assistente de Atividades Educacionais - Ache Concursos Idosa de 96 anos consegue cirurgia após 50 recusas no MS - Campo Grande News Itaipu anuncia investimentos em esporte, educação e infraestrutura para a região oeste do Paraná - GDia Inscrições para processo seletivo da Prefeitura de Sete Quedas terminam às 22h desta sexta-feira - RCN67 Morre Marcelo Miranda, ex-governador de Mato Grosso do Sul - Diário Corumbaense Ana Castela fecha R$ 3,38 milhões em contratos com três prefeituras de Mato Grosso do Sul - Folha MS Sete Quedas amplia infraestrutura, saneamento e lazer com investimentos superiores a R$ 23 milhões  Fátima News Concurso Sanesul: Edital publicado com 90 vagas. Nova Concursos Secretaria de Educação-MS abre 415 vagas para Assistente de Atividades Educacionais  Ache Concursos Idosa de 96 anos consegue cirurgia após 50 recusas no MS  Campo Grande News Itaipu anuncia investimentos em esporte, educação e infraestrutura para a região oeste do Paraná  GDia Inscrições para processo seletivo da Prefeitura de Sete Quedas terminam às 22h desta sexta-feira  RCN67 Morre Marcelo Miranda, ex-governador de Mato Grosso do Sul  Diário Corumbaense Ana Castela fecha R$ 3,38 milhões em contratos com três prefeituras de Mato Grosso do Sul  Folha MS"
Sonora,15,"sonora, senai, vagas, cursos, técnicos",Sebrae/MS impulsiona movimento pela valorização da cultura pantaneira em Sonora - Agência Sebrae de Notícias Sonora inicia mapeamento da cultura pantaneira para fortalecer identidade e turismo - Idest Festival Timbre 2026 deve receber milhares de visitantes e impulsionar turismo e economia de Uberlândia - Revista Soberana Governo entrega escola reformada e pavimentação da MS-010 em Jaraguari com investimentos superiores a R$ 38 milhões - Idest Semana Modos de Acessar 2021 - Sesc São Paulo Senai oferece 410 vagas em cursos técnicos gratuitos com auxílio de R$ 300 - Diário Corumbaense Senai abre inscrições para programa que oferece cursos técnicos gratuitos e auxílio mensal de R$ 300 - FIEMS GIRO FUNTRAB DE NOTÍCIAS – 03/06/2025 a 16/06/2025 - funtrab ms Senai MS: 2 mil vagas em cursos técnicos com bolsa de R$ 300; inscreva-se - Campo Grande News SENAI abre vagas em cursos técnicos gratuitos com auxílio de R$ 300 por mês - Hora Brasil Jogos Escolares Coxinenses reúnem estudantes de redes pública e privada em disputas até sexta-feira - Idest Concurso Secretaria Municipal de Educação Sonora MS abre 2 vagas - Qconcursos Folha Dirigida Prefeitura de Sonora é investigada por 'contrato carona' com empresa pivô de desvio bilionário em MT - Midiamax Templos religiosos deverão respeitar limites de som em Fortaleza - Agência Brasil Show nacional é interrompido após fechamento de avenida e som acima do permitido em Cuiabá - G1 Sebrae/MS impulsiona movimento pela valorização da cultura pantaneira em Sonora  Agência Sebrae de Notícias Sonora inicia mapeamento da cultura pantaneira para fortalecer identidade e turismo  Idest Festival Timbre 2026 deve receber milhares de visitantes e impulsionar turismo e economia de Uberlândia  Revista Soberana Governo entrega escola reformada e pavimentação da MS-010 em Jaraguari com investimentos superiores a R$ 38 milhões  Idest Semana Modos de Acessar 2021  Sesc São Paulo Senai oferece 410 vagas em cursos técnicos gratuitos com auxílio de R$ 300  Diário Corumbaense Senai abre inscrições para programa que oferece cursos técnicos gratuitos e auxílio mensal de R$ 300  FIEMS GIRO FUNTRAB DE NOTÍCIAS – 03/06/2025 a 16/06/2025  funtrab ms Senai MS: 2 mil vagas em cursos técnicos com bolsa de R$ 300; inscreva-se  Campo Grande News SENAI abre vagas em cursos técnicos gratuitos com auxílio de R$ 300 por mês  Hora Brasil Jogos Escolares Coxinenses reúnem estudantes de redes pública e privada em disputas até sexta-feira  Idest Concurso Secretaria Municipal de Educação Sonora MS abre 2 vagas  Qconcursos Folha Dirigida Prefeitura de Sonora é investigada por 'contrato carona' com empresa pivô de desvio bilionário em MT  Midiamax Templos religiosos deverão respeitar limites de som em Fortaleza  Agência Brasil Show nacional é interrompido após fechamento de avenida e som acima do permitido em Cuiabá  G1
Tacuru,8,"agência, sebrae, notícias, tacuru, recebe","População do Jardim Noroeste recebe serviços gratuitos do programa Minha Chance - Agência Sebrae de Notícias Na Capital, bairro Aero Rancho recebe primeira edição do programa Minha Chance - Agência Sebrae de Notícias Secretaria de Educação-MS abre 415 vagas para Assistente de Atividades Educacionais - Ache Concursos Tacuru celebra resultados do eixo Empreendedorismo nas Escolas com encontro “Professor Transformador” - Agência Sebrae de Notícias Morre Marcelo Miranda, ex-governador de Mato Grosso do Sul - Diário Corumbaense Educação de Tacuru alcança nota histórica no IDEB 2025 e está entre as melhores de Mato Grosso do Sul - - News Lobo Digital Sala do Empreendedor de Tacuru é reinaugurada para apoiar empreendedores urbanos e rurais - Agência Sebrae de Notícias Presidente da Câmara de Sinop morre em acidente na BR-163; velório será realizado no plenário do Legislativo - Notícia Exata População do Jardim Noroeste recebe serviços gratuitos do programa Minha Chance  Agência Sebrae de Notícias Na Capital, bairro Aero Rancho recebe primeira edição do programa Minha Chance  Agência Sebrae de Notícias Secretaria de Educação-MS abre 415 vagas para Assistente de Atividades Educacionais  Ache Concursos Tacuru celebra resultados do eixo Empreendedorismo nas Escolas com encontro “Professor Transformador”  Agência Sebrae de Notícias Morre Marcelo Miranda, ex-governador de Mato Grosso do Sul  Diário Corumbaense Educação de Tacuru alcança nota histórica no IDEB 2025 e está entre as melhores de Mato Grosso do Sul -  News Lobo Digital Sala do Empreendedor de Tacuru é reinaugurada para apoiar empreendedores urbanos e rurais  Agência Sebrae de Notícias Presidente da Câmara de Sinop morre em acidente na BR-163; velório será realizado no plenário do Legislativo  Notícia Exata"
